file,sub,enum_correct,enum_attempted,soniox_correct,soniox_attempted,engine,machine_correct,machine_attempted,item_agree,n_items,status,enum_correct_29s,soniox_correct_29s
AA_048cadbc-2c10-416,orf_eng,0.0,5.0,5,59,speechace-29s,10,33,0.45454545454545453,33,200,54,6
AA_048cadbc-2c10-416,idwrd_eng,1.0,10.0,1,49,speechace-29s,0,10,0.9,10,200,40,1
AA_05729872-0031-4b1,idwrd_eng,14.0,17.0,11,49,speechace-29s,3,15,0.4,15,200,38,11
AA_05729872-0031-4b1,orf_eng,1.0,7.0,2,59,speechace-29s,9,41,0.21951219512195122,41,200,53,2
AA_05dc5dd8-2974-479,idwrd_eng,44.0,50.0,1,49,speechace-29s,3,10,0.4,10,200,44,1
AA_05dc5dd8-2974-479,orf_eng,54.0,60.0,56,59,speechace-29s,12,47,0.3191489361702128,47,200,42,44
AA_05ebc0d7-bc26-4ab,idwrd_eng,0.0,5.0,0,49,speechace-29s,7,49,0.24489795918367346,49,200,44,0
AA_063c4da1-14ee-4c6,idwrd_eng,49.0,50.0,41,49,speechace-29s,19,35,0.5428571428571428,35,200,35,30
AA_063c4da1-14ee-4c6,orf_eng,57.0,60.0,50,59,speechace-29s,18,37,0.5135135135135135,37,200,43,31
AA_0b2fc30d-55f4-429,idwrd_eng,0.0,5.0,0,49,speechace-29s,2,27,0.25925925925925924,27,200,44,0
AA_0b2fc30d-55f4-429,orf_eng,6.0,11.0,4,59,speechace-29s,2,14,0.35714285714285715,14,200,54,4
AA_0ce9865d-2257-4d8,idwrd_eng,0.0,5.0,2,49,speechace-29s,4,10,0.3,10,200,44,2
AA_0d43f0f6-2d6b-44e,idwrd_eng,46.0,50.0,41,49,speechace-29s,23,41,0.6097560975609756,41,200,40,35
AA_0d43f0f6-2d6b-44e,orf_eng,52.0,60.0,49,59,speechace-29s,19,45,0.4888888888888889,45,200,40,36
AA_0d47b184-8f04-431,idwrd_eng,47.0,49.0,28,49,speechace-29s,5,26,0.19230769230769232,26,200,26,19
AA_0d47b184-8f04-431,orf_eng,60.0,60.0,13,59,speechace-29s,5,37,0.13513513513513514,37,200,59,4
AA_0e2dac14-5204-4dc,idwrd_eng,1.0,6.0,3,49,speechace-29s,5,49,0.20408163265306123,49,200,44,3
AA_0e2dac14-5204-4dc,orf_eng,1.0,6.0,1,59,speechace-29s,7,27,0.37037037037037035,27,200,54,2
AA_0f412e35-93b8-4b7,idwrd_eng,24.0,30.0,10,49,speechace-29s,3,19,0.3157894736842105,19,200,38,9
AA_0f412e35-93b8-4b7,orf_eng,0.0,5.0,5,59,speechace-29s,6,15,0.3333333333333333,15,200,54,5
AA_12d53cb2-6597-40c,idwrd_eng,35.0,37.0,9,49,speechace-29s,10,49,0.2653061224489796,49,200,44,9
AA_135c74c9-c70c-435,idwrd_eng,5.0,18.0,6,49,speechace-29s,4,49,0.8775510204081632,49,200,6,6
AA_158fcd1e-4d4e-4d0,idwrd_eng,21.0,32.0,1,49,speechace-29s,11,41,0.4634146341463415,41,200,30,0
AA_174662a2-7c83-461,orf_eng,1.0,6.0,5,59,speechace-29s,9,45,0.3111111111111111,45,200,54,5
AA_19062548-6352-45b,idwrd_eng,25.0,42.0,0,49,speechace-29s,3,25,0.4,25,200,29,0
AA_1972026f-6357-47c,idwrd_eng,35.0,42.0,7,49,speechace-29s,0,22,0.18181818181818182,22,200,42,8
AA_1972026f-6357-47c,orf_eng,30.0,39.0,4,59,speechace-29s,2,25,0.24,25,200,47,3
AA_1b71e9b9-d0ef-470,orf_eng,0.0,5.0,6,59,speechace-29s,6,22,0.4090909090909091,22,200,54,4
AA_1d938bbd-776b-4b6,idwrd_eng,50.0,50.0,7,49,speechace-29s,1,11,0.09090909090909091,11,200,49,6
AA_1d938bbd-776b-4b6,orf_eng,60.0,60.0,44,59,speechace-29s,7,42,0.16666666666666666,42,200,42,33
AA_1e4a7c58-e85a-483,idwrd_eng,16.0,25.0,6,49,speechace-29s,4,26,0.5769230769230769,26,200,34,0
AA_1e4a7c58-e85a-483,orf_eng,1.0,1.0,5,59,speechace-29s,8,16,0.5,16,200,59,5
AA_1f684f13-e02a-48c,idwrd_eng,7.0,8.0,0,49,speechace-29s,4,30,0.16666666666666666,30,200,48,0
AA_1f684f13-e02a-48c,orf_eng,0.0,1.0,1,59,speechace-29s,8,38,0.23684210526315788,38,200,58,3
AA_211f7272-f101-442,idwrd_eng,45.0,50.0,7,49,speechace-29s,2,49,0.14285714285714285,49,200,44,7
AA_211f7272-f101-442,orf_eng,56.0,60.0,7,59,speechace-29s,5,23,0.2608695652173913,23,200,56,6
AA_2318428a-ea25-4cf,idwrd_eng,0.0,5.0,3,49,speechace-29s,12,49,0.30612244897959184,49,200,44,3
AA_2318428a-ea25-4cf,orf_eng,0.0,5.0,0,59,speechace-29s,5,8,0.75,8,200,54,0
AA_2387d28e-9d18-473,idwrd_eng,0.0,5.0,0,49,speechace-29s,3,43,0.18604651162790697,43,200,44,0
AA_2387d28e-9d18-473,orf_eng,0.0,5.0,5,59,speechace-29s,7,24,0.3333333333333333,24,200,54,5
AA_268319c5-6f94-4a8,idwrd_eng,35.0,39.0,6,49,speechace-29s,3,17,0.4117647058823529,17,200,43,6
AA_268319c5-6f94-4a8,orf_eng,0.0,5.0,5,59,speechace-29s,2,15,0.3333333333333333,15,200,54,5
AA_271887cf-1b78-4ce,idwrd_eng,24.0,42.0,1,49,speechace-29s,2,10,0.5,10,200,29,1
AA_271887cf-1b78-4ce,orf_eng,16.0,36.0,5,59,speechace-29s,12,59,0.4745762711864407,59,200,33,3
AA_27e407f8-7dc7-428,idwrd_eng,49.0,50.0,8,49,speechace-29s,6,38,0.15789473684210525,38,200,48,8
AA_284e5d4b-0271-4ce,idwrd_eng,38.0,46.0,30,49,speechace-29s,13,25,0.68,25,200,21,19
AA_284e5d4b-0271-4ce,orf_eng,40.0,53.0,39,58,speechace-29s,10,30,0.36666666666666664,30,200,23,21
AA_2958d924-08be-406,idwrd_eng,46.0,49.0,43,49,speechace-29s,18,30,0.6,30,200,30,27
AA_2958d924-08be-406,orf_eng,29.0,34.0,28,48,speechace-29s,10,20,0.55,20,200,34,13
AA_2961fac7-aa9a-4de,orf_eng,0.0,5.0,5,59,speechace-29s,1,16,0.375,16,200,54,5
AA_29cbf33e-8ec1-4da,idwrd_eng,49.0,50.0,15,49,speechace-29s,19,49,0.40816326530612246,49,200,48,15
AA_29cbf33e-8ec1-4da,orf_eng,59.0,60.0,48,59,speechace-29s,18,49,0.3877551020408163,49,200,48,42
AA_2a65f1d9-b974-45b,idwrd_eng,49.0,50.0,17,49,speechace-29s,7,49,0.14285714285714285,49,200,49,17
AA_2a65f1d9-b974-45b,orf_eng,57.0,60.0,37,59,speechace-29s,4,43,0.16279069767441862,43,200,41,23
AA_2d306c3b-928f-478,idwrd_eng,12.0,19.0,10,49,speechace-29s,4,14,0.6428571428571429,14,200,33,9
AA_34eb5079-1c89-41d,idwrd_eng,6.0,15.0,7,49,speechace-29s,2,17,0.4117647058823529,17,200,40,7
AA_34eb5079-1c89-41d,orf_eng,10.0,21.0,4,59,speechace-29s,7,35,0.5142857142857142,35,200,34,4
AA_35367e51-cc29-4df,idwrd_eng,13.0,19.0,7,49,speechace-29s,4,39,0.38461538461538464,39,200,35,0
AA_35367e51-cc29-4df,orf_eng,17.0,24.0,6,59,speechace-29s,8,48,0.375,48,200,43,4
AA_374d6c43-5ef4-4ab,idwrd_eng,0.0,5.0,1,22,speechace-29s,4,22,0.3181818181818182,22,200,17,1
AA_374d6c43-5ef4-4ab,orf_eng,0.0,5.0,2,59,speechace-29s,9,39,0.3076923076923077,39,200,54,2
AA_3815999e-d698-486,idwrd_eng,0.0,5.0,1,49,speechace-29s,1,49,0.08163265306122448,49,200,44,1
AA_3815999e-d698-486,orf_eng,0.0,5.0,0,59,speechace-29s,2,9,0.3333333333333333,9,200,54,0
AA_398f7981-c4b7-4fd,idwrd_eng,8.0,12.0,0,49,speechace-29s,5,19,0.5789473684210527,19,200,21,0
AA_398f7981-c4b7-4fd,orf_eng,0.0,5.0,2,59,speechace-29s,4,28,0.32142857142857145,28,200,54,2
AA_3a4a571d-875c-4bb,idwrd_eng,25.0,29.0,10,49,speechace-29s,3,16,0.3125,16,200,38,9
AA_3a4a571d-875c-4bb,orf_eng,17.0,22.0,19,30,speechace-29s,4,14,0.5714285714285714,14,200,47,9
AA_3b6b6972-0052-450,idwrd_eng,4.0,14.0,0,49,speechace-29s,0,49,0.6122448979591837,49,200,19,0
AA_3b6b6972-0052-450,orf_eng,0.0,5.0,4,59,speechace-29s,3,15,0.4,15,200,54,4
AA_422a2830-a7ac-4b4,idwrd_eng,50.0,50.0,0,49,speechace-29s,9,38,0.23684210526315788,38,200,49,0
AA_422a2830-a7ac-4b4,orf_eng,60.0,60.0,58,59,speechace-29s,43,59,0.7288135593220338,59,200,59,58
AA_44e68d46-79a6-402,idwrd_eng,47.0,50.0,24,49,speechace-29s,17,32,0.46875,32,200,31,13
AA_44e68d46-79a6-402,orf_eng,52.0,57.0,38,59,speechace-29s,13,37,0.35135135135135137,37,200,54,21
AA_48d71665-bb15-401,idwrd_eng,27.0,33.0,25,49,speechace-29s,10,15,0.7333333333333333,15,200,12,13
AA_48d71665-bb15-401,orf_eng,1.0,6.0,8,59,speechace-29s,8,14,0.5,14,200,54,8
AA_4e25386a-f7bc-4a1,idwrd_eng,31.0,37.0,19,26,speechace-29s,5,9,0.4444444444444444,9,200,8,9
AA_4e25386a-f7bc-4a1,orf_eng,45.0,56.0,22,59,speechace-29s,9,24,0.5833333333333334,24,200,49,10
AA_4f99136d-8961-4e8,idwrd_eng,11.0,19.0,0,49,speechace-29s,9,49,0.6530612244897959,49,200,24,0
AA_519d13b2-37f9-45c,idwrd_eng,0.0,1.0,0,49,speechace-29s,2,19,0.15789473684210525,19,200,48,0
AA_51a660bb-7db5-4a2,idwrd_eng,16.0,22.0,30,49,speechace-29s,3,29,0.41379310344827586,29,200,18,20
AA_51a660bb-7db5-4a2,orf_eng,0.0,5.0,15,59,speechace-29s,4,19,0.47368421052631576,19,200,54,11
AA_52be51a8-a34a-4d0,idwrd_eng,30.0,50.0,0,49,speechace-29s,1,49,0.42857142857142855,49,200,29,0
AA_52be51a8-a34a-4d0,orf_eng,54.0,60.0,3,59,speechace-29s,8,59,0.23728813559322035,59,200,53,3
AA_5536eaa7-896f-423,idwrd_eng,49.0,50.0,38,49,speechace-29s,23,49,0.4897959183673469,49,200,48,38
AA_5536eaa7-896f-423,orf_eng,58.0,60.0,51,59,speechace-29s,25,59,0.423728813559322,59,200,57,51
AA_55913fb1-5a12-42a,idwrd_eng,50.0,50.0,15,49,speechace-29s,9,20,0.45,20,200,31,11
AA_55913fb1-5a12-42a,orf_eng,57.0,60.0,28,59,speechace-29s,13,28,0.4642857142857143,28,200,28,14
AA_577dd2ed-5436-421,idwrd_eng,36.0,41.0,11,49,speechace-29s,8,32,0.25,32,200,44,8
AA_5d26dbc5-d348-4c6,idwrd_eng,50.0,50.0,13,49,speechace-29s,7,42,0.16666666666666666,42,200,49,13
AA_5d26dbc5-d348-4c6,orf_eng,60.0,60.0,27,59,speechace-29s,11,50,0.22,50,200,50,20
AA_5d2c0d0d-94a3-4cd,idwrd_eng,44.0,50.0,19,49,speechace-29s,10,23,0.34782608695652173,23,200,44,18
AA_5d2c0d0d-94a3-4cd,orf_eng,1.0,6.0,5,59,speechace-29s,5,11,0.36363636363636365,11,200,54,5
AA_5dce002b-57cd-4c9,idwrd_eng,49.0,50.0,20,49,speechace-29s,12,42,0.2619047619047619,42,200,48,20
AA_5dce002b-57cd-4c9,orf_eng,57.0,60.0,47,59,speechace-29s,14,39,0.38461538461538464,39,200,47,31
AA_5e864c07-25df-4cc,idwrd_eng,49.0,50.0,43,49,speechace-29s,28,49,0.5918367346938775,49,200,48,36
AA_5e864c07-25df-4cc,orf_eng,50.0,60.0,48,59,speechace-29s,22,43,0.5348837209302325,43,200,36,34
AA_62299df1-9cd3-496,idwrd_eng,1.0,6.0,0,49,speechace-29s,1,49,0.12244897959183673,49,200,44,0
AA_62299df1-9cd3-496,orf_eng,1.0,7.0,2,59,speechace-29s,3,22,0.6818181818181818,22,200,45,3
AA_68b78def-9aaa-4e3,idwrd_eng,15.0,18.0,10,49,speechace-29s,7,49,0.32653061224489793,49,200,40,10
AA_68b78def-9aaa-4e3,orf_eng,8.0,12.0,7,59,speechace-29s,6,32,0.34375,32,200,35,7
AA_69691a12-deef-4dd,idwrd_eng,5.0,13.0,0,49,speechace-29s,4,49,0.6938775510204082,49,200,13,0
AA_69691a12-deef-4dd,orf_eng,1.0,6.0,6,59,speechace-29s,4,16,0.4375,16,200,54,5
AA_6b23e6a2-c3d5-475,idwrd_eng,0.0,5.0,4,49,speechace-29s,6,28,0.32142857142857145,28,200,44,4
AA_6d4a8671-522e-4cc,orf_eng,52.0,59.0,27,59,speechace-29s,5,21,0.23809523809523808,21,200,53,10
AA_6f02809d-d960-4d3,idwrd_eng,43.0,46.0,0,49,speechace-29s,1,12,0.08333333333333333,12,200,44,2
AA_6f2e975a-3208-448,idwrd_eng,4.0,9.0,5,49,speechace-29s,7,49,0.4489795918367347,49,200,30,5
AA_6f2e975a-3208-448,orf_eng,0.0,5.0,5,59,speechace-29s,9,24,0.5,24,200,54,5
AA_731980f2-fda7-482,orf_eng,0.0,5.0,1,59,speechace-29s,4,17,0.29411764705882354,17,200,54,0
AA_75469b92-e2a1-44e,idwrd_eng,4.0,7.0,0,49,speechace-29s,3,20,0.65,20,200,37,0
AA_788dfa6a-d7ba-413,idwrd_eng,45.0,50.0,44,49,speechace-29s,25,40,0.65,40,200,37,37
AA_788dfa6a-d7ba-413,orf_eng,53.0,60.0,55,59,speechace-29s,20,43,0.4883720930232558,43,200,41,36
AA_7ad7b97a-d69d-416,idwrd_eng,0.0,5.0,1,49,speechace-29s,5,14,0.42857142857142855,14,200,44,1
AA_7ad7b97a-d69d-416,orf_eng,1.0,6.0,4,59,speechace-29s,4,16,0.4375,16,200,54,4
AA_7e082938-042e-46a,idwrd_eng,50.0,50.0,1,49,speechace-29s,3,8,0.375,8,200,49,0
AA_7e082938-042e-46a,orf_eng,52.0,60.0,6,59,speechace-29s,1,15,0.2,15,200,54,4
AA_7e0f11d6-0031-492,idwrd_eng,6.0,12.0,0,49,speechace-29s,7,49,0.3877551020408163,49,200,33,0
AA_7e0f11d6-0031-492,orf_eng,9.0,13.0,5,59,speechace-29s,5,14,0.5,14,200,46,4
AA_7f61eb3f-65c7-4fd,idwrd_eng,25.0,36.0,6,49,speechace-29s,2,7,0.2857142857142857,7,200,7,6
AA_8013413a-f6a1-4ac,idwrd_eng,0.0,5.0,0,49,speechace-29s,12,49,0.30612244897959184,49,200,44,0
AA_86da0dbc-4ece-4ee,idwrd_eng,22.0,26.0,0,49,speechace-29s,9,49,0.3673469387755102,49,200,34,0
AA_87731df7-f734-4ff,idwrd_eng,0.0,5.0,0,49,speechace-29s,1,10,0.6,10,200,44,0
AA_87731df7-f734-4ff,orf_eng,1.0,6.0,4,59,speechace-29s,2,15,0.3333333333333333,15,200,54,4
AA_89cb8f1a-69e3-424,idwrd_eng,0.0,5.0,0,49,speechace-29s,2,11,0.45454545454545453,11,200,44,0
AA_8c934dfb-1a72-492,idwrd_eng,1.0,5.0,1,49,speechace-29s,1,10,0.5,10,200,45,1
AA_8e03896a-2912-496,idwrd_eng,3.0,15.0,0,49,speechace-29s,5,34,0.7941176470588235,34,200,18,0
AA_8e03896a-2912-496,orf_eng,0.0,5.0,3,59,speechace-29s,4,15,0.2,15,200,54,3
AA_8e29defb-2c2e-496,idwrd_eng,9.0,26.0,5,6,speechace-29s,2,6,0.3333333333333333,6,200,6,5
AA_91ecf22b-d335-4de,idwrd_eng,50.0,50.0,10,49,speechace-29s,6,49,0.12244897959183673,49,200,49,8
AA_91ecf22b-d335-4de,orf_eng,58.0,60.0,18,59,speechace-29s,15,42,0.38095238095238093,42,200,57,9
AA_92bdf696-3742-41e,idwrd_eng,20.0,25.0,1,49,speechace-29s,3,26,0.3076923076923077,26,200,44,1
AA_93ae4640-bf92-45b,idwrd_eng,47.0,50.0,24,49,speechace-29s,15,37,0.35135135135135137,37,200,46,23
AA_93ae4640-bf92-45b,orf_eng,57.0,60.0,17,59,speechace-29s,12,32,0.4375,32,200,57,15
AA_94917b5c-07a6-4c5,idwrd_eng,6.0,8.0,0,49,speechace-29s,5,23,0.5217391304347826,23,200,36,1
AA_94917b5c-07a6-4c5,orf_eng,6.0,11.0,2,59,speechace-29s,7,31,0.5161290322580645,31,200,45,3
AA_955704af-dbd7-423,idwrd_eng,0.0,5.0,0,49,speechace-29s,4,36,0.25,36,200,44,0
AA_955704af-dbd7-423,orf_eng,0.0,5.0,2,59,speechace-29s,9,29,0.27586206896551724,29,200,54,2
AA_977bf4d2-d71d-42b,idwrd_eng,42.0,50.0,1,49,speechace-29s,4,17,0.29411764705882354,17,200,41,1
AA_977bf4d2-d71d-42b,orf_eng,51.0,60.0,6,59,speechace-29s,1,16,0.0625,16,200,53,4
AA_98d3878d-7611-485,idwrd_eng,44.0,50.0,8,49,speechace-29s,6,21,0.38095238095238093,21,200,43,8
AA_98d3878d-7611-485,orf_eng,57.0,60.0,46,59,speechace-29s,15,35,0.42857142857142855,35,200,35,29
AA_99ab36ed-ed68-4e9,idwrd_eng,0.0,5.0,1,49,speechace-29s,0,9,0.5555555555555556,9,200,44,1
AA_9d92617a-c53f-43e,idwrd_eng,49.0,50.0,48,49,speechace-29s,29,44,0.6363636363636364,44,200,43,43
AA_9d92617a-c53f-43e,orf_eng,59.0,60.0,58,59,speechace-29s,38,56,0.6964285714285714,56,200,55,55
AA_9f532c2d-d760-4fa,idwrd_eng,47.0,50.0,16,49,speechace-29s,9,49,0.20408163265306123,49,200,46,10
AA_9f532c2d-d760-4fa,orf_eng,54.0,60.0,45,54,speechace-29s,19,48,0.4583333333333333,48,200,45,34
AA_9fd3b07d-cb1e-42b,idwrd_eng,50.0,50.0,40,49,speechace-29s,26,49,0.5306122448979592,49,200,49,35
AA_9fd3b07d-cb1e-42b,orf_eng,60.0,60.0,58,59,speechace-29s,21,43,0.4883720930232558,43,200,43,42
AA_a17b3477-e1fc-411,idwrd_eng,19.0,22.0,1,49,speechace-29s,5,49,0.24489795918367346,49,200,42,1
AA_a17b3477-e1fc-411,orf_eng,30.0,34.0,7,59,speechace-29s,7,28,0.21428571428571427,28,200,54,7
AA_a2bda34a-2d3a-439,idwrd_eng,49.0,50.0,12,49,speechace-29s,3,15,0.2,15,200,18,9
AA_a2bda34a-2d3a-439,orf_eng,56.0,60.0,1,59,speechace-29s,6,21,0.3333333333333333,21,200,55,1
AA_a5440eb3-5034-413,idwrd_eng,47.0,50.0,27,49,speechace-29s,13,31,0.45161290322580644,31,200,30,27
AA_a5440eb3-5034-413,orf_eng,54.0,60.0,43,59,speechace-29s,9,31,0.3548387096774194,31,200,35,21
AA_a81b627e-e833-453,idwrd_eng,47.0,50.0,2,49,speechace-29s,14,24,0.6666666666666666,24,200,46,2
AA_a81b627e-e833-453,orf_eng,50.0,60.0,50,59,speechace-29s,12,32,0.40625,32,200,41,24
AA_a8eef4b9-ab7b-48d,idwrd_eng,1.0,7.0,6,7,speechace-29s,0,7,0.8571428571428571,7,200,1,6
AA_a8f5a4cb-8b11-426,idwrd_eng,29.0,41.0,13,49,speechace-29s,8,25,0.44,25,200,18,9
AA_a8f5a4cb-8b11-426,orf_eng,6.0,60.0,4,59,speechace-29s,3,14,0.5714285714285714,14,200,12,4
AA_a9c5ede9-f374-4d5,idwrd_eng,5.0,11.0,0,49,speechace-29s,4,41,0.3902439024390244,41,200,35,0
AA_a9c5ede9-f374-4d5,orf_eng,1.0,6.0,2,59,speechace-29s,5,27,0.2222222222222222,27,200,54,2
AA_aa8eabb8-8f23-448,idwrd_eng,49.0,50.0,33,49,speechace-29s,11,49,0.24489795918367346,49,200,48,33
AA_aa8eabb8-8f23-448,orf_eng,56.0,60.0,34,59,speechace-29s,14,56,0.30357142857142855,56,200,56,32
AA_aaf90938-fddb-4c4,idwrd_eng,49.0,50.0,38,49,speechace-29s,28,49,0.5918367346938775,49,200,48,38
AA_aaf90938-fddb-4c4,orf_eng,60.0,60.0,52,59,speechace-29s,26,55,0.4727272727272727,55,200,55,47
AA_ab58d9ce-9e25-42f,idwrd_eng,22.0,40.0,12,49,speechace-29s,10,24,0.3333333333333333,24,200,17,11
AA_aef46179-5917-4dd,idwrd_eng,25.0,28.0,9,49,speechace-29s,3,21,0.09523809523809523,21,200,39,9
AA_aef46179-5917-4dd,orf_eng,1.0,5.0,4,59,speechace-29s,8,31,0.3225806451612903,31,200,55,4
AA_b041c30a-d404-49f,idwrd_eng,1.0,5.0,0,49,speechace-29s,5,19,0.3684210526315789,19,200,45,0
AA_b041c30a-d404-49f,orf_eng,0.0,5.0,1,59,speechace-29s,2,14,0.21428571428571427,14,200,54,1
AA_b11dfafb-fc92-462,idwrd_eng,22.0,26.0,1,49,speechace-29s,2,13,0.15384615384615385,13,200,37,2
AA_b11dfafb-fc92-462,orf_eng,0.0,5.0,7,59,speechace-29s,4,15,0.4666666666666667,15,200,54,5
AA_b20398e6-b319-4ad,idwrd_eng,9.0,18.0,8,49,speechace-29s,6,16,0.625,16,200,20,8
AA_b20398e6-b319-4ad,orf_eng,17.0,25.0,7,59,speechace-29s,7,27,0.4074074074074074,27,200,44,7
AA_b2abea24-c5e2-478,idwrd_eng,50.0,50.0,19,49,speechace-29s,1,44,0.022727272727272728,44,200,49,19
AA_b2abea24-c5e2-478,orf_eng,60.0,60.0,47,59,speechace-29s,10,51,0.19607843137254902,51,200,51,47
AA_b47c2091-d93e-49d,idwrd_eng,49.0,49.0,32,49,speechace-29s,10,45,0.2222222222222222,45,200,49,30
AA_b47c2091-d93e-49d,orf_eng,54.0,60.0,44,59,speechace-29s,12,34,0.4117647058823529,34,200,31,22
AA_b68b3349-98b4-4c6,idwrd_eng,5.0,9.0,1,49,speechace-29s,2,25,0.36,25,200,40,0
AA_b68b3349-98b4-4c6,orf_eng,0.0,5.0,2,59,speechace-29s,11,29,0.3448275862068966,29,200,54,2
AA_b7acd1f0-8ee8-404,idwrd_eng,0.0,5.0,7,49,speechace-29s,4,46,0.1956521739130435,46,200,44,7
AA_b7acd1f0-8ee8-404,orf_eng,0.0,5.0,6,59,speechace-29s,9,23,0.5217391304347826,23,200,54,6
AA_ba957417-5e7b-491,idwrd_eng,6.0,17.0,8,15,speechace-29s,4,15,0.4666666666666667,15,200,11,3
AA_bc0e09c8-aae5-466,idwrd_eng,28.0,32.0,7,49,speechace-29s,4,15,0.4666666666666667,15,200,45,7
AA_bc0e09c8-aae5-466,orf_eng,0.0,5.0,4,59,speechace-29s,5,15,0.4,15,200,54,4
AA_bd035dbb-e421-480,idwrd_eng,45.0,50.0,3,49,speechace-29s,8,49,0.2653061224489796,49,200,44,3
AA_bd035dbb-e421-480,orf_eng,55.0,60.0,46,59,speechace-29s,13,52,0.23076923076923078,52,200,49,44
AA_bd2f2910-0953-45a,idwrd_eng,0.0,5.0,0,49,speechace-29s,8,49,0.2653061224489796,49,200,44,0
AA_bd2f2910-0953-45a,orf_eng,0.0,5.0,4,59,speechace-29s,3,15,0.4,15,200,54,4
AA_be2450d2-2128-493,idwrd_eng,38.0,47.0,9,43,speechace-29s,3,28,0.17857142857142858,28,200,39,9
AA_be2450d2-2128-493,orf_eng,45.0,60.0,21,59,speechace-29s,7,15,0.4666666666666667,15,200,45,4
AA_be261198-6c5f-4b9,idwrd_eng,0.0,5.0,0,49,speechace-29s,3,10,0.6,10,200,44,0
AA_bee0235b-f2cd-42b,idwrd_eng,25.0,28.0,27,33,speechace-29s,9,17,0.5294117647058824,17,200,15,12
AA_bee0235b-f2cd-42b,orf_eng,0.0,5.0,3,59,speechace-29s,5,8,0.25,8,200,54,3
AA_bf833efb-b7bf-4a0,idwrd_eng,0.0,6.0,0,49,speechace-29s,1,9,0.5555555555555556,9,200,43,0
AA_bf833efb-b7bf-4a0,orf_eng,30.0,34.0,2,59,speechace-29s,1,9,0.5555555555555556,9,200,55,2
AA_bf842fbd-d0b6-48f,idwrd_eng,11.0,15.0,5,49,speechace-29s,9,49,0.2857142857142857,49,200,38,5
AA_bf842fbd-d0b6-48f,orf_eng,0.0,5.0,3,59,speechace-29s,11,59,0.2711864406779661,59,200,54,3
AA_c073035b-93b5-46e,idwrd_eng,19.0,38.0,1,49,speechace-29s,4,20,0.5,20,200,22,1
AA_c82929c2-05b6-468,idwrd_eng,2.0,20.0,0,49,speechace-29s,4,44,0.36363636363636365,44,200,31,0
AA_c82929c2-05b6-468,orf_eng,0.0,5.0,4,59,speechace-29s,8,15,0.4666666666666667,15,200,54,4
AA_cae1bdae-bf19-4d7,idwrd_eng,1.0,5.0,5,49,speechace-29s,0,49,0.08163265306122448,49,200,45,5
AA_cc3e50b9-d8fd-494,idwrd_eng,18.0,22.0,6,49,speechace-29s,8,49,0.24489795918367346,49,200,39,6
AA_ceea038f-3411-4c4,idwrd_eng,49.0,49.0,27,49,speechace-29s,13,33,0.3939393939393939,33,200,43,22
AA_ceea038f-3411-4c4,orf_eng,55.0,60.0,43,59,speechace-29s,16,46,0.391304347826087,46,200,42,40
AA_d297262c-ee74-4c9,idwrd_eng,0.0,5.0,5,49,speechace-29s,1,14,0.2857142857142857,14,200,44,5
AA_d2b6e70c-b3fd-4bd,idwrd_eng,0.0,5.0,2,49,speechace-29s,3,16,0.25,16,200,44,2
AA_d2b6e70c-b3fd-4bd,orf_eng,0.0,5.0,1,59,speechace-29s,1,5,0.8,5,200,54,0
AA_d499cff8-38a9-4eb,idwrd_eng,49.0,50.0,43,49,speechace-29s,28,49,0.5714285714285714,49,200,49,43
AA_d499cff8-38a9-4eb,orf_eng,60.0,60.0,58,59,speechace-29s,31,59,0.5254237288135594,59,200,59,58
AA_d53dbe59-66a4-415,idwrd_eng,1.0,5.0,0,49,speechace-29s,9,49,0.2653061224489796,49,200,45,0
AA_d53dbe59-66a4-415,orf_eng,0.0,5.0,5,59,speechace-29s,3,16,0.5,16,200,54,5
AA_d897830f-bbaa-44d,idwrd_eng,45.0,49.0,0,49,speechace-29s,3,49,0.14285714285714285,49,200,45,0
AA_d897830f-bbaa-44d,orf_eng,55.0,60.0,6,59,speechace-29s,1,16,0.1875,16,200,54,5
AA_d99c7b13-c3a8-489,idwrd_eng,39.0,40.0,1,49,speechace-29s,8,49,0.22448979591836735,49,200,46,0
AA_d99c7b13-c3a8-489,orf_eng,36.0,44.0,5,59,speechace-29s,8,28,0.2857142857142857,28,200,50,7
AA_de08d551-d829-448,idwrd_eng,13.0,16.0,8,49,speechace-29s,6,48,0.16666666666666666,48,200,43,0
AA_de08d551-d829-448,orf_eng,20.0,23.0,0,59,speechace-29s,8,23,0.43478260869565216,23,200,50,1
AA_df7b47e1-1bc3-45c,idwrd_eng,42.0,50.0,22,49,speechace-29s,10,29,0.3793103448275862,29,200,41,16
AA_df7b47e1-1bc3-45c,orf_eng,53.0,57.0,44,51,speechace-29s,13,26,0.5,26,200,24,20
AA_dff96b36-bded-45d,idwrd_eng,16.0,23.0,13,24,speechace-29s,6,15,0.6666666666666666,15,200,30,6
AA_dff96b36-bded-45d,orf_eng,15.0,22.0,5,59,speechace-29s,5,21,0.5238095238095238,21,200,47,4
AA_e2237f3f-eb26-4b7,idwrd_eng,48.0,50.0,37,49,speechace-29s,14,34,0.38235294117647056,34,200,47,22
AA_e2237f3f-eb26-4b7,orf_eng,56.0,60.0,38,59,speechace-29s,9,30,0.36666666666666664,30,200,32,22
AA_e323a748-9ded-40c,idwrd_eng,45.0,50.0,36,49,speechace-29s,10,30,0.36666666666666664,30,200,29,25
AA_e323a748-9ded-40c,orf_eng,55.0,60.0,12,59,speechace-29s,6,17,0.35294117647058826,17,200,55,8
AA_e754feee-6c35-40c,idwrd_eng,7.0,17.0,4,49,speechace-29s,3,41,0.3902439024390244,41,200,32,0
AA_e754feee-6c35-40c,orf_eng,16.0,22.0,6,59,speechace-29s,3,16,0.5,16,200,41,5
AA_e87962ab-1398-4ca,idwrd_eng,9.0,17.0,6,49,speechace-29s,2,18,0.4444444444444444,18,200,23,6
AA_e87962ab-1398-4ca,orf_eng,0.0,5.0,0,59,speechace-29s,6,59,0.15254237288135594,59,200,54,0
AA_e9ef5a5c-fae0-45a,idwrd_eng,1.0,6.0,1,49,speechace-29s,1,6,0.6666666666666666,6,200,44,0
AA_eaf07843-14a1-4e9,idwrd_eng,35.0,38.0,9,49,speechace-29s,8,19,0.5789473684210527,19,200,44,3
AA_eaf07843-14a1-4e9,orf_eng,36.0,43.0,7,59,speechace-29s,5,23,0.21739130434782608,23,200,51,7
AA_eb127efb-92a9-4eb,idwrd_eng,1.0,6.0,2,25,speechace-29s,3,5,0.4,5,200,20,2
AA_eb127efb-92a9-4eb,orf_eng,1.0,6.0,0,59,speechace-29s,3,11,0.5454545454545454,11,200,54,0
AA_eb788e8a-917d-490,idwrd_eng,50.0,50.0,41,49,speechace-29s,8,45,0.17777777777777778,45,200,49,28
AA_eb788e8a-917d-490,orf_eng,60.0,60.0,47,59,speechace-29s,14,55,0.2545454545454545,55,200,59,36
AA_ece27ef7-9e9e-418,idwrd_eng,18.0,32.0,10,46,speechace-29s,4,13,0.46153846153846156,13,200,14,7
AA_ece27ef7-9e9e-418,orf_eng,0.0,5.0,5,59,speechace-29s,5,15,0.4,15,200,54,5
AA_f23c9f69-858b-47c,idwrd_eng,0.0,5.0,0,49,speechace-29s,3,31,0.25806451612903225,31,200,44,0
AA_f3176f60-2162-435,idwrd_eng,0.0,5.0,1,49,speechace-29s,0,9,0.5555555555555556,9,200,44,1
AA_f3176f60-2162-435,orf_eng,0.0,5.0,4,59,speechace-29s,5,21,0.38095238095238093,21,200,54,4
AA_f7082921-2c6b-414,idwrd_eng,0.0,5.0,0,49,speechace-29s,0,5,1.0,5,200,44,0
AA_f9c6d56f-7ca9-4ff,idwrd_eng,48.0,50.0,37,49,speechace-29s,33,47,0.6808510638297872,47,200,47,37
AA_f9c6d56f-7ca9-4ff,orf_eng,57.0,60.0,41,59,speechace-29s,23,36,0.6388888888888888,36,200,57,32
AA_fb785d2a-c665-4f3,idwrd_eng,46.0,50.0,3,49,speechace-29s,3,20,0.15,20,200,45,3
AA_fb785d2a-c665-4f3,orf_eng,53.0,60.0,2,59,speechace-29s,13,36,0.4444444444444444,36,200,53,5
