file,cost,idnummag_machine,idnummag_n,idnummag_enum,numrep_machine,numrep_n,numrep_enum,bleffcomp_machine,bleffcomp_n,bleffcomp_enum,wrdpblm_machine,wrdpblm_n,wrdpblm_enum,patterns_machine,patterns_n,patterns_enum
AA_048cadbc-2c10-416,0.10780125,0.0,10,3.0,0.0,7,2.0,,0,0.0,2.0,8,3.0,0.0,8,3.0
AA_05729872-0031-4b1,0.13252375,0.0,5,6.0,2.0,5,3.0,0.0,10,2.0,0.0,1,8.0,1.0,4,7.0
AA_05dc5dd8-2974-479,0.11819875,,0,6.0,,0,8.0,,0,1.0,4.0,8,4.0,,0,6.0
AA_05ebc0d7-bc26-4ab,0.15855875,1.0,4,3.0,2.0,8,3.0,,0,0.0,4.0,8,4.0,3.0,6,8.0
AA_063c4da1-14ee-4c6,0.12904375,7.0,8,4.0,2.0,5,6.0,2.0,3,4.0,4.0,8,7.0,4.0,8,4.0
AA_069e0b43-ec7e-41f,0.1141725,1.0,9,6.0,1.0,8,5.0,,0,3.0,2.0,8,7.0,0.0,7,3.0
AA_089659f0-087a-4dd,0.1458025,0.0,8,3.0,3.0,7,6.0,0.0,29,4.0,0.0,8,4.0,0.0,7,4.0
AA_0b2fc30d-55f4-429,0.0995325,0.0,4,0.0,3.0,8,1.0,,0,0.0,0.0,4,0.0,0.0,4,0.0
AA_0ce9865d-2257-4d8,0.07558875,,0,5.0,0.0,4,2.0,1.0,5,0.0,0.0,4,0.0,0.0,8,2.0
AA_0d43f0f6-2d6b-44e,0.13381,0.0,9,5.0,0.0,8,5.0,0.0,20,2.0,5.0,8,6.0,1.0,6,6.0
AA_0d47b184-8f04-431,0.145155,0.0,9,8.0,2.0,8,8.0,0.0,10,2.0,3.0,8,7.0,0.0,7,7.0
AA_0e2dac14-5204-4dc,0.0944525,0.0,12,1.0,0.0,1,0.0,,0,0.0,,0,0.0,0.0,6,1.0
AA_0f412e35-93b8-4b7,0.08554,0.0,2,2.0,0.0,4,1.0,,0,0.0,1.0,8,2.0,0.0,2,0.0
AA_12d53cb2-6597-40c,0.154135,2.0,9,8.0,3.0,9,8.0,0.0,8,4.0,0.0,5,0.0,1.0,8,5.0
AA_135c74c9-c70c-435,0.1285425,3.0,6,4.0,2.0,7,3.0,0.0,2,0.0,2.0,8,3.0,0.0,8,6.0
AA_158fcd1e-4d4e-4d0,0.12857375,0.0,12,6.0,0.0,6,2.0,0.0,13,0.0,0.0,8,3.0,0.0,11,4.0
AA_174662a2-7c83-461,0.05225875,0.0,7,2.0,0.0,2,2.0,0.0,3,1.0,,0,0.0,0.0,2,1.0
AA_19062548-6352-45b,0.09975125,0.0,1,2.0,2.0,6,1.0,0.0,3,1.0,1.0,8,2.0,0.0,1,0.0
AA_1972026f-6357-47c,0.08959875,0.0,7,4.0,0.0,8,2.0,0.0,2,2.0,,0,0.0,0.0,3,0.0
AA_1b71e9b9-d0ef-470,0.1239775,0.0,3,5.0,1.0,5,2.0,,0,0.0,0.0,7,1.0,0.0,6,2.0
AA_1bb7fdea-6bc2-422,0.07054375,0.0,5,2.0,0.0,2,2.0,,0,0.0,1.0,4,1.0,0.0,5,2.0
AA_1d938bbd-776b-4b6,0.0967275,0.0,4,1.0,0.0,3,2.0,0.0,9,4.0,0.0,4,0.0,0.0,4,7.0
AA_1e4a7c58-e85a-483,0.11419625,4.0,8,2.0,1.0,6,2.0,0.0,2,1.0,0.0,4,0.0,1.0,3,0.0
AA_1f684f13-e02a-48c,0.14612125,1.0,8,2.0,5.0,7,4.0,6.0,15,0.0,8.0,8,1.0,5.0,9,4.0
AA_211f7272-f101-442,0.0991425,0.0,1,5.0,0.0,6,2.0,1.0,11,2.0,4.0,8,4.0,0.0,11,1.0
AA_2296af89-8918-432,0.06105375,0.0,8,3.0,0.0,1,2.0,,0,0.0,1.0,2,0.0,0.0,4,0.0
AA_2318428a-ea25-4cf,0.1270675,1.0,9,0.0,0.0,7,1.0,0.0,3,0.0,0.0,4,0.0,0.0,5,0.0
AA_2387d28e-9d18-473,0.11237125,1.0,8,1.0,0.0,4,0.0,0.0,5,0.0,0.0,4,0.0,0.0,5,0.0
AA_250a871a-d114-4e1,0.0966225,0.0,5,7.0,0.0,5,8.0,0.0,4,1.0,1.0,8,8.0,0.0,7,7.0
AA_268319c5-6f94-4a8,0.1226125,4.0,7,4.0,0.0,6,2.0,5.0,7,1.0,3.0,8,4.0,0.0,2,0.0
AA_271887cf-1b78-4ce,0.13388625,0.0,10,4.0,0.0,8,1.0,0.0,12,1.0,2.0,8,2.0,0.0,4,0.0
AA_27e407f8-7dc7-428,0.07479625,0.0,3,6.0,0.0,3,4.0,,0,2.0,4.0,6,7.0,0.0,1,6.0
AA_284e5d4b-0271-4ce,0.13333375,4.0,5,6.0,3.0,7,5.0,1.0,16,3.0,1.0,8,2.0,3.0,10,5.0
AA_2958d924-08be-406,0.11886,0.0,10,8.0,2.0,7,4.0,0.0,10,2.0,6.0,8,6.0,0.0,8,7.0
AA_2961fac7-aa9a-4de,0.0990425,,0,0.0,0.0,6,1.0,0.0,6,0.0,0.0,4,0.0,0.0,8,2.0
AA_29cbf33e-8ec1-4da,0.13469625,0.0,8,5.0,0.0,8,4.0,0.0,4,1.0,0.0,4,0.0,0.0,4,4.0
AA_2a65f1d9-b974-45b,0.15444625,5.0,8,7.0,3.0,5,6.0,3.0,7,4.0,0.0,7,4.0,3.0,6,8.0
AA_2d306c3b-928f-478,0.128285,3.0,10,7.0,1.0,4,3.0,0.0,13,2.0,6.0,8,6.0,2.0,5,1.0
AA_30410594-6fd6-468,0.0750425,0.0,4,1.0,0.0,3,0.0,,0,0.0,0.0,4,0.0,0.0,6,0.0
AA_34eb5079-1c89-41d,0.08686,0.0,8,6.0,0.0,8,2.0,0.0,1,1.0,1.0,8,2.0,0.0,8,5.0
AA_350b43cb-69b8-4f0,0.10457375,0.0,7,1.0,0.0,5,2.0,,0,0.0,0.0,4,0.0,0.0,3,0.0
AA_35367e51-cc29-4df,0.07014875,0.0,6,7.0,0.0,1,2.0,,0,3.0,,0,5.0,0.0,2,5.0
AA_374d6c43-5ef4-4ab,0.151685,1.0,7,4.0,3.0,8,2.0,0.0,8,1.0,0.0,6,3.0,0.0,8,5.0
AA_3815999e-d698-486,0.10288,1.0,3,0.0,0.0,4,1.0,0.0,1,0.0,0.0,4,0.0,0.0,2,0.0
AA_398f7981-c4b7-4fd,0.12466125,1.0,7,0.0,0.0,2,0.0,,0,0.0,0.0,4,0.0,1.0,7,3.0
AA_3a4a571d-875c-4bb,0.11785375,1.0,9,5.0,0.0,6,2.0,,0,3.0,0.0,4,0.0,0.0,7,4.0
AA_3b6b6972-0052-450,0.1271275,0.0,12,6.0,1.0,6,2.0,0.0,3,0.0,3.0,8,6.0,0.0,7,5.0
AA_430d23d7-68df-42a,0.05989125,0.0,3,1.0,1.0,2,1.0,,0,0.0,0.0,1,0.0,0.0,2,0.0
AA_44e68d46-79a6-402,0.1387025,0.0,9,7.0,0.0,6,6.0,0.0,2,2.0,0.0,8,5.0,0.0,9,6.0
AA_45355662-7319-408,0.06024125,0.0,5,0.0,0.0,2,0.0,0.0,2,0.0,0.0,3,0.0,0.0,3,0.0
AA_48d71665-bb15-401,0.1395275,2.0,3,4.0,2.0,9,1.0,1.0,7,1.0,0.0,4,0.0,3.0,7,4.0
AA_4e25386a-f7bc-4a1,0.10686625,0.0,7,6.0,2.0,7,4.0,0.0,14,1.0,4.0,8,4.0,2.0,7,7.0
AA_4f99136d-8961-4e8,0.07224875,,0,5.0,0.0,1,2.0,0.0,1,0.0,0.0,2,0.0,0.0,4,0.0
AA_519d13b2-37f9-45c,0.11801625,5.0,7,4.0,0.0,3,0.0,7.0,8,0.0,1.0,7,3.0,4.0,8,3.0
AA_51a660bb-7db5-4a2,0.1522025,0.0,9,7.0,3.0,6,6.0,1.0,4,2.0,7.0,7,4.0,0.0,7,3.0
AA_52be51a8-a34a-4d0,0.0970175,0.0,3,1.0,,0,2.0,3.0,11,2.0,,0,3.0,1.0,2,7.0
AA_54566619-3293-4dd,0.066305,0.0,7,3.0,0.0,2,1.0,,0,0.0,0.0,1,0.0,0.0,7,3.0
AA_5536eaa7-896f-423,0.13178,6.0,8,7.0,2.0,7,6.0,2.0,7,2.0,2.0,8,5.0,4.0,8,4.0
AA_55913fb1-5a12-42a,0.10190125,0.0,5,7.0,2.0,3,8.0,0.0,10,5.0,0.0,1,0.0,1.0,1,8.0
AA_55bff466-ee5d-48f,0.0781225,2.0,7,5.0,0.0,5,2.0,,0,0.0,0.0,8,1.0,0.0,2,0.0
AA_577dd2ed-5436-421,0.15778325,1.0,1,6.0,4.0,9,7.0,2.0,10,3.0,0.0,8,6.0,0.0,6,7.0
AA_5d26dbc5-d348-4c6,0.0781625,2.0,4,8.0,,0,8.0,1.0,2,8.0,2.0,4,8.0,1.0,2,8.0
AA_5d2c0d0d-94a3-4cd,0.14928875,4.0,9,5.0,5.0,8,6.0,0.0,4,2.0,5.0,8,8.0,5.0,8,8.0
AA_5dce002b-57cd-4c9,0.1310875,0.0,7,7.0,1.0,6,3.0,,0,1.0,1.0,7,4.0,0.0,8,6.0
AA_62299df1-9cd3-496,0.1087175,1.0,9,7.0,,0,2.0,0.0,3,0.0,0.0,1,0.0,1.0,7,1.0
AA_63037a7f-dae6-4ca,0.04257,2.0,9,4.0,,0,2.0,,0,0.0,,0,0.0,2.0,5,0.0
AA_68b78def-9aaa-4e3,0.11529875,2.0,3,7.0,1.0,4,3.0,0.0,5,2.0,2.0,8,4.0,5.0,7,5.0
AA_69691a12-deef-4dd,0.124505,0.0,8,1.0,1.0,7,1.0,0.0,10,0.0,0.0,4,0.0,0.0,10,2.0
AA_6b23e6a2-c3d5-475,0.06629,0.0,8,2.0,1.0,8,2.0,1.0,1,0.0,0.0,4,0.0,0.0,3,0.0
AA_6d4a8671-522e-4cc,0.0812075,1.0,2,8.0,0.0,3,7.0,0.0,4,5.0,0.0,1,0.0,1.0,2,7.0
AA_6eb8713d-8fdc-4f2,0.1318125,1.0,3,5.0,1.0,7,1.0,0.0,7,1.0,0.0,8,1.0,1.0,7,2.0
AA_6f2e975a-3208-448,0.1450475,2.0,9,5.0,2.0,6,4.0,2.0,12,0.0,1.0,8,1.0,0.0,4,0.0
AA_72720d37-958f-4af,0.11865875,0.0,3,5.0,0.0,7,3.0,,0,1.0,0.0,8,1.0,1.0,7,4.0
AA_731980f2-fda7-482,0.12559125,1.0,3,0.0,0.0,4,3.0,0.0,4,0.0,0.0,4,0.0,1.0,7,6.0
AA_7383689c-5655-418,0.097585,,0,6.0,0.0,2,2.0,0.0,1,2.0,0.0,4,1.0,2.0,5,5.0
AA_788dfa6a-d7ba-413,0.16332125,3.0,10,6.0,1.0,7,5.0,6.0,13,4.0,5.0,8,7.0,7.0,8,7.0
AA_7a35917e-6b9d-418,0.050865,0.0,3,0.0,0.0,1,2.0,0.0,2,0.0,1.0,3,2.0,0.0,2,4.0
AA_7ad7b97a-d69d-416,0.15710625,0.0,6,1.0,3.0,4,3.0,2.0,8,2.0,4.0,8,6.0,0.0,8,5.0
AA_7e082938-042e-46a,0.1641275,1.0,7,5.0,4.0,9,6.0,4.0,8,4.0,1.0,8,5.0,0.0,6,4.0
AA_7e0f11d6-0031-492,0.1105425,,0,3.0,1.0,6,5.0,0.0,6,2.0,1.0,8,5.0,0.0,8,5.0
AA_7f61eb3f-65c7-4fd,0.1052675,0.0,9,7.0,2.0,6,6.0,2.0,8,2.0,5.0,8,6.0,0.0,8,5.0
AA_8013413a-f6a1-4ac,0.10246625,5.0,7,6.0,5.0,8,5.0,,0,0.0,3.0,8,3.0,4.0,7,6.0
AA_8078f394-0660-4be,0.02761,0.0,2,4.0,0.0,1,3.0,0.0,1,1.0,,0,6.0,1.0,1,5.0
AA_810c50e0-1c11-44b,0.0368875,0.0,5,4.0,0.0,3,3.0,,0,2.0,,0,0.0,,0,0.0
AA_81cc4088-35cb-41b,0.06214375,0.0,8,1.0,0.0,5,1.0,,0,0.0,1.0,6,2.0,0.0,2,0.0
AA_83e92973-f500-426,0.0874425,3.0,6,3.0,0.0,6,2.0,,0,0.0,1.0,4,1.0,0.0,2,0.0
AA_86da0dbc-4ece-4ee,0.15522375,5.0,6,6.0,1.0,6,3.0,1.0,8,5.0,1.0,8,5.0,5.0,9,5.0
AA_87731df7-f734-4ff,0.148895,1.0,7,2.0,1.0,7,3.0,0.0,2,0.0,1.0,8,3.0,0.0,8,5.0
AA_89cb8f1a-69e3-424,0.1130125,8.0,13,5.0,4.0,9,4.0,0.0,10,0.0,0.0,4,0.0,1.0,6,1.0
AA_8c934dfb-1a72-492,0.1268575,1.0,6,0.0,1.0,7,2.0,2.0,7,3.0,2.0,7,6.0,1.0,7,3.0
AA_8d152f25-5b3e-4b3,0.067795,0.0,5,0.0,0.0,3,2.0,,0,1.0,0.0,3,0.0,0.0,1,5.0
AA_8e03896a-2912-496,0.11648375,7.0,12,8.0,4.0,8,4.0,1.0,4,3.0,6.0,8,7.0,4.0,9,6.0
AA_8e29defb-2c2e-496,0.1316625,0.0,6,5.0,0.0,9,1.0,0.0,8,1.0,0.0,4,0.0,1.0,9,3.0
AA_91ecf22b-d335-4de,0.155535,1.0,9,8.0,4.0,10,8.0,14.0,21,8.0,5.0,8,8.0,2.0,8,7.0
AA_92bdf696-3742-41e,0.135708125,3.0,4,6.0,2.0,8,2.0,2.0,7,2.0,1.0,8,3.0,3.0,8,7.0
AA_93ae4640-bf92-45b,0.1438375,0.0,10,7.0,0.0,5,2.0,0.0,5,3.0,0.0,3,0.0,0.0,7,8.0
AA_94917b5c-07a6-4c5,0.1160225,1.0,8,2.0,0.0,7,2.0,,0,0.0,1.0,7,3.0,1.0,6,4.0
AA_955704af-dbd7-423,0.0975425,0.0,8,2.0,1.0,7,1.0,,0,1.0,0.0,4,0.0,0.0,9,2.0
AA_977bf4d2-d71d-42b,0.08276625,0.0,6,1.0,0.0,6,3.0,0.0,2,0.0,0.0,4,0.0,0.0,7,5.0
AA_99ab36ed-ed68-4e9,0.09055625,1.0,9,7.0,0.0,6,3.0,,0,2.0,0.0,2,0.0,0.0,9,7.0
AA_9d92617a-c53f-43e,0.162825,6.0,7,6.0,7.0,7,8.0,0.0,18,6.0,7.0,8,8.0,4.0,7,8.0
AA_9f532c2d-d760-4fa,0.15592,3.0,9,6.0,3.0,6,7.0,1.0,1,0.0,4.0,5,7.0,2.0,6,7.0
AA_a17b3477-e1fc-411,0.16097375,1.0,11,8.0,0.0,7,5.0,1.0,1,6.0,3.0,8,6.0,2.0,8,7.0
AA_a2bda34a-2d3a-439,0.15881125,0.0,3,8.0,0.0,6,8.0,0.0,9,5.0,1.0,8,8.0,0.0,7,8.0
AA_a37dfa4b-5be9-4b9,0.0694475,,0,2.0,1.0,4,3.0,2.0,2,3.0,1.0,3,0.0,2.0,3,0.0
AA_a81b627e-e833-453,0.15098375,9.0,9,5.0,0.0,6,2.0,0.0,8,2.0,2.0,8,2.0,3.0,8,5.0
AA_a8b75240-0f0f-44f,0.12866125,8.0,12,3.0,1.0,8,2.0,,0,0.0,0.0,4,0.0,1.0,8,4.0
AA_a8eef4b9-ab7b-48d,0.0608275,0.0,8,1.0,0.0,9,3.0,,0,0.0,0.0,4,0.0,0.0,3,0.0
AA_a8f57a8e-c029-4c9,0.15566125,5.0,7,4.0,5.0,7,8.0,0.0,7,1.0,5.0,8,5.0,0.0,7,7.0
AA_a9c5ede9-f374-4d5,0.148226625,0.0,1,7.0,2.0,7,3.0,0.0,4,0.0,1.0,8,2.0,1.0,6,2.0
AA_aa100754-6f80-435,0.07457875,2.0,8,2.0,0.0,5,2.0,0.0,3,0.0,1.0,4,1.0,0.0,1,0.0
AA_aa8eabb8-8f23-448,0.10373125,1.0,6,7.0,1.0,7,4.0,3.0,6,2.0,2.0,8,5.0,0.0,1,0.0
AA_aaf90938-fddb-4c4,0.1258525,1.0,8,4.0,0.0,8,1.0,0.0,6,5.0,0.0,4,0.0,0.0,7,6.0
AA_ab58d9ce-9e25-42f,0.15979875,9.0,10,7.0,8.0,10,7.0,15.0,20,4.0,5.0,8,7.0,4.0,7,7.0
AA_aef46179-5917-4dd,0.12017875,3.0,8,4.0,0.0,8,2.0,,0,0.0,0.0,9,2.0,2.0,6,6.0
AA_b041c30a-d404-49f,0.11813125,3.0,8,4.0,0.0,8,1.0,0.0,2,0.0,0.0,4,0.0,1.0,9,3.0
AA_b11dfafb-fc92-462,0.1650375,6.0,9,7.0,1.0,7,3.0,6.0,7,5.0,6.0,8,8.0,6.0,7,7.0
AA_b20398e6-b319-4ad,0.145355,0.0,9,6.0,1.0,6,5.0,,0,2.0,0.0,8,4.0,0.0,5,0.0
AA_b47c2091-d93e-49d,0.1525975,3.0,8,7.0,3.0,8,7.0,3.0,21,1.0,4.0,7,7.0,0.0,9,7.0
AA_b4c70664-f41f-4d8,0.125275,1.0,13,3.0,0.0,7,2.0,,0,0.0,0.0,4,0.0,0.0,9,2.0
AA_b68b3349-98b4-4c6,0.0819775,,0,3.0,,0,3.0,0.0,5,0.0,0.0,8,1.0,0.0,4,0.0
AA_b7acd1f0-8ee8-404,0.1222525,1.0,7,0.0,0.0,5,2.0,1.0,1,0.0,1.0,8,1.0,1.0,5,2.0
AA_b929908f-532d-4e7,0.11138,0.0,2,8.0,0.0,3,6.0,,0,0.0,,0,5.0,1.0,5,5.0
AA_bc78193f-3d1b-4a1,0.08833,1.0,2,4.0,1.0,6,2.0,0.0,3,0.0,2.0,8,2.0,1.0,4,6.0
AA_bce900f1-0156-4e0,0.14011375,,0,7.0,3.0,6,6.0,3.0,8,3.0,3.0,8,6.0,2.0,2,6.0
AA_bd035dbb-e421-480,0.12561375,3.0,6,5.0,1.0,8,8.0,1.0,8,4.0,1.0,8,6.0,1.0,4,4.0
AA_bd2f2910-0953-45a,0.1012275,2.0,4,1.0,0.0,4,0.0,0.0,4,2.0,0.0,4,0.0,0.0,2,0.0
AA_be2450d2-2128-493,0.12086375,2.0,2,6.0,1.0,4,2.0,,0,0.0,3.0,8,5.0,1.0,4,6.0
AA_be261198-6c5f-4b9,0.0862075,3.0,10,2.0,2.0,6,2.0,1.0,3,0.0,0.0,4,0.0,1.0,6,0.0
AA_bee0235b-f2cd-42b,0.130815,1.0,8,3.0,3.0,7,6.0,0.0,4,0.0,3.0,8,8.0,2.0,8,2.0
AA_bf833efb-b7bf-4a0,0.03992625,1.0,2,0.0,,0,2.0,0.0,1,2.0,0.0,4,1.0,,0,1.0
AA_c073035b-93b5-46e,0.097665,0.0,6,2.0,0.0,8,2.0,,0,1.0,1.0,7,3.0,0.0,7,4.0
AA_c82929c2-05b6-468,0.04032125,0.0,4,0.0,0.0,2,0.0,0.0,2,0.0,0.0,4,0.0,0.0,2,0.0
AA_cae1bdae-bf19-4d7,0.10265,0.0,6,2.0,0.0,5,3.0,0.0,5,0.0,2.0,7,1.0,0.0,3,0.0
AA_cc3e50b9-d8fd-494,0.149175,3.0,5,6.0,0.0,2,5.0,1.0,3,5.0,1.0,4,6.0,1.0,2,7.0
AA_ceea038f-3411-4c4,0.14524875,3.0,7,8.0,1.0,3,3.0,1.0,7,5.0,1.0,1,8.0,2.0,6,7.0
AA_d297262c-ee74-4c9,0.10911875,,0,4.0,0.0,6,1.0,0.0,8,1.0,0.0,8,2.0,0.0,4,0.0
AA_d2b6e70c-b3fd-4bd,0.06257,0.0,9,3.0,0.0,5,2.0,,0,0.0,0.0,8,2.0,0.0,4,0.0
AA_d53dbe59-66a4-415,0.147905,0.0,7,6.0,0.0,7,2.0,0.0,3,0.0,2.0,8,2.0,0.0,5,0.0
AA_d7e1f153-71b4-4e8,0.08455125,0.0,5,0.0,0.0,2,0.0,0.0,1,0.0,0.0,3,0.0,0.0,4,0.0
AA_d897830f-bbaa-44d,0.07975625,0.0,5,0.0,2.0,5,3.0,0.0,7,3.0,0.0,4,0.0,0.0,7,6.0
AA_d99c7b13-c3a8-489,0.1422875,7.0,13,5.0,2.0,7,4.0,,0,1.0,0.0,8,2.0,0.0,6,0.0
AA_dd56a505-4ac7-4d1,0.122880375,2.0,8,4.0,0.0,7,1.0,0.0,11,1.0,0.0,4,0.0,1.0,4,0.0
AA_de08d551-d829-448,0.12823625,1.0,2,7.0,4.0,5,4.0,5.0,6,3.0,4.0,8,5.0,7.0,8,8.0
AA_df7b47e1-1bc3-45c,0.124285,2.0,8,3.0,3.0,8,2.0,0.0,4,0.0,0.0,4,0.0,1.0,7,4.0
AA_dff96b36-bded-45d,0.136946,7.0,9,7.0,7.0,7,8.0,0.0,3,1.0,3.0,8,3.0,3.0,10,6.0
AA_e0a22a65-fe8a-416,0.0434375,1.0,4,0.0,0.0,3,1.0,,0,0.0,0.0,2,0.0,0.0,3,0.0
AA_e323a748-9ded-40c,0.13727,0.0,7,6.0,3.0,7,3.0,0.0,6,0.0,1.0,8,1.0,0.0,2,0.0
AA_e754feee-6c35-40c,0.0333925,,0,0.0,,0,1.0,,0,0.0,0.0,4,0.0,0.0,4,0.0
AA_e87962ab-1398-4ca,0.10662375,0.0,8,8.0,2.0,8,3.0,0.0,6,1.0,5.0,8,7.0,0.0,8,3.0
AA_e88f0436-95cb-4a0,0.1603125,1.0,3,7.0,2.0,2,5.0,0.0,4,2.0,2.0,5,2.0,2.0,2,5.0
AA_e9ef5a5c-fae0-45a,0.03028,0.0,1,0.0,,0,2.0,,0,0.0,0.0,1,0.0,0.0,5,0.0
AA_eaf07843-14a1-4e9,0.16086875,3.0,6,6.0,5.0,7,7.0,1.0,5,2.0,2.0,8,5.0,0.0,2,3.0
AA_eb127efb-92a9-4eb,0.13315875,7.0,9,6.0,5.0,11,5.0,,0,0.0,3.0,8,5.0,3.0,9,4.0
AA_eb34954f-5621-459,0.11201875,4.0,11,7.0,2.0,7,6.0,,0,4.0,3.0,8,5.0,0.0,8,6.0
AA_eb788e8a-917d-490,0.15074125,6.0,9,6.0,4.0,8,7.0,11.0,17,4.0,3.0,8,7.0,0.0,8,7.0
AA_ece27ef7-9e9e-418,0.13649875,0.0,8,4.0,3.0,8,6.0,0.0,4,0.0,4.0,8,6.0,0.0,9,5.0
AA_f23c9f69-858b-47c,0.08809125,3.0,7,0.0,1.0,4,0.0,1.0,3,1.0,0.0,4,0.0,3.0,7,2.0
AA_f3176f60-2162-435,0.127835,0.0,8,0.0,0.0,6,2.0,,0,0.0,0.0,8,1.0,1.0,8,3.0
AA_f7082921-2c6b-414,0.09138125,0.0,10,7.0,2.0,6,4.0,0.0,4,2.0,4.0,8,5.0,0.0,8,6.0
AA_f9c6d56f-7ca9-4ff,0.15601875,8.0,10,7.0,4.0,7,7.0,16.0,18,7.0,8.0,8,8.0,5.0,5,8.0
AA_f9d06535-01d9-432,0.1544825,0.0,11,5.0,0.0,9,2.0,0.0,6,0.0,0.0,8,2.0,0.0,10,5.0
AA_fb785d2a-c665-4f3,0.12238375,0.0,8,3.0,4.0,6,5.0,,0,1.0,1.0,8,3.0,0.0,10,3.0
AA_fbc07ae4-2c3f-40d,0.08220625,3.0,7,3.0,0.0,1,2.0,,0,0.0,0.0,3,0.0,0.0,6,4.0
