file,sub,machine_correct,machine_attempted,machine_ins,enum_correct,enum_attempted,child_words,grade,conf
AA_8078f394-0660-4be,letterid_urd,1,78,2,82.0,83.0,80,1.0,1.0
AA_8078f394-0660-4be,letterid_eng,37,97,1,82.0,82.0,66,1.0,0.9
AA_8078f394-0660-4be,pw_eng,0,30,21,1.0,6.0,51,1.0,0.9
AA_8013413a-f6a1-4ac,letterid_urd,9,78,1,20.0,30.0,30,2.0,1.0
AA_8013413a-f6a1-4ac,orf_urd,0,60,0,0.0,5.0,3,2.0,0.9
AA_8013413a-f6a1-4ac,letterid_eng,21,97,17,1.0,8.0,114,2.0,1.0
AA_8013413a-f6a1-4ac,pw_eng,1,30,0,0.0,5.0,9,2.0,1.0
AA_8013413a-f6a1-4ac,idwrd_eng,0,49,73,0.0,5.0,122,2.0,1.0
AA_aef46179-5917-4dd,letterid_urd,1,78,8,40.0,42.0,86,3.0,1.0
AA_aef46179-5917-4dd,idwrd_urd,17,50,1,24.0,31.0,42,3.0,1.0
AA_aef46179-5917-4dd,orf_urd,13,60,11,30.0,39.0,63,3.0,1.0
AA_aef46179-5917-4dd,letterid_eng,30,97,127,90.0,90.0,223,3.0,1.0
AA_aef46179-5917-4dd,pw_eng,0,30,0,0.0,5.0,17,3.0,1.0
AA_aef46179-5917-4dd,idwrd_eng,9,49,1,25.0,28.0,34,3.0,1.0
AA_aef46179-5917-4dd,orf_eng,4,59,0,1.0,5.0,28,3.0,0.8
AA_2958d924-08be-406,letterid_urd,6,78,8,69.0,77.0,86,3.0,0.9
AA_2958d924-08be-406,idwrd_urd,43,50,0,50.0,50.0,49,3.0,0.9
AA_2958d924-08be-406,orf_urd,41,60,2,59.0,60.0,62,3.0,0.9
AA_2958d924-08be-406,letterid_eng,80,97,66,100.0,100.0,159,3.0,0.9
AA_2958d924-08be-406,pw_eng,4,30,9,10.0,30.0,38,3.0,0.9
AA_2958d924-08be-406,idwrd_eng,43,49,2,46.0,49.0,49,3.0,0.9
AA_2958d924-08be-406,orf_eng,28,48,2,29.0,34.0,38,3.0,0.9
AA_eb788e8a-917d-490,letterid_urd,18,78,37,98.0,100.0,115,4.0,0.95
AA_eb788e8a-917d-490,idwrd_urd,43,50,4,50.0,50.0,54,4.0,0.95
AA_eb788e8a-917d-490,orf_urd,40,60,1,60.0,60.0,61,4.0,0.95
AA_eb788e8a-917d-490,letterid_eng,53,97,86,100.0,100.0,182,4.0,0.95
AA_eb788e8a-917d-490,pw_eng,0,30,64,24.0,32.0,94,4.0,0.95
AA_eb788e8a-917d-490,idwrd_eng,41,49,8,50.0,50.0,56,4.0,0.95
AA_eb788e8a-917d-490,orf_eng,47,59,5,60.0,60.0,63,4.0,0.95
AA_1f684f13-e02a-48c,letterid_urd,4,78,0,39.0,43.0,42,1.0,0.9
AA_1f684f13-e02a-48c,idwrd_urd,0,50,4,0.0,2.0,54,1.0,0.9
AA_1f684f13-e02a-48c,orf_urd,1,60,11,1.0,3.0,71,1.0,1.0
AA_1f684f13-e02a-48c,letterid_eng,43,97,2,25.0,31.0,79,1.0,1.0
AA_1f684f13-e02a-48c,pw_eng,5,30,63,0.0,1.0,93,1.0,1.0
AA_1f684f13-e02a-48c,idwrd_eng,0,49,2,7.0,8.0,51,1.0,1.0
AA_1f684f13-e02a-48c,orf_eng,1,59,9,0.0,1.0,68,1.0,0.9
AA_b47c2091-d93e-49d,letterid_urd,2,78,0,70.0,70.0,77,4.0,0.9
AA_b47c2091-d93e-49d,idwrd_urd,39,50,18,50.0,50.0,67,4.0,0.9
AA_b47c2091-d93e-49d,orf_urd,42,60,5,60.0,60.0,65,4.0,0.9
AA_b47c2091-d93e-49d,letterid_eng,70,97,11,93.0,96.0,103,4.0,0.9
AA_b47c2091-d93e-49d,idwrd_eng,32,49,2,49.0,49.0,50,4.0,0.9
AA_b47c2091-d93e-49d,orf_eng,44,59,0,54.0,60.0,55,4.0,0.9
AA_d897830f-bbaa-44d,letterid_urd,2,78,0,58.0,60.0,68,3.0,1.0
AA_d897830f-bbaa-44d,idwrd_urd,20,28,8,28.0,28.0,36,3.0,1.0
AA_d897830f-bbaa-44d,orf_urd,14,60,6,32.0,33.0,50,3.0,1.0
AA_d897830f-bbaa-44d,letterid_eng,38,90,3,59.0,60.0,55,3.0,0.9
AA_d897830f-bbaa-44d,idwrd_eng,0,49,94,45.0,49.0,143,3.0,0.8
AA_d897830f-bbaa-44d,orf_eng,6,59,0,55.0,60.0,28,3.0,1.0
AA_519d13b2-37f9-45c,letterid_eng,39,89,3,47.0,49.0,54,1.0,0.9
AA_519d13b2-37f9-45c,idwrd_eng,0,49,0,0.0,1.0,16,1.0,0.7
AA_68b78def-9aaa-4e3,letterid_urd,3,78,0,41.0,44.0,48,2.0,1.0
AA_68b78def-9aaa-4e3,idwrd_urd,16,20,5,17.0,20.0,25,2.0,1.0
AA_68b78def-9aaa-4e3,orf_urd,7,53,1,16.0,17.0,21,2.0,1.0
AA_68b78def-9aaa-4e3,letterid_eng,54,97,43,78.0,80.0,139,2.0,1.0
AA_68b78def-9aaa-4e3,pw_eng,4,30,147,9.0,13.0,177,2.0,1.0
AA_68b78def-9aaa-4e3,idwrd_eng,10,49,175,15.0,18.0,223,2.0,1.0
AA_68b78def-9aaa-4e3,orf_eng,7,59,0,8.0,12.0,32,2.0,1.0
AA_44e68d46-79a6-402,letterid_urd,5,78,18,48.0,67.0,96,5.0,1.0
AA_44e68d46-79a6-402,orf_urd,42,60,3,60.0,60.0,63,5.0,1.0
AA_44e68d46-79a6-402,letterid_eng,43,97,74,98.0,100.0,171,5.0,1.0
AA_44e68d46-79a6-402,idwrd_eng,24,49,7,47.0,50.0,52,5.0,1.0
AA_44e68d46-79a6-402,orf_eng,38,59,5,52.0,57.0,55,5.0,1.0
AA_be261198-6c5f-4b9,letterid_urd,0,78,0,19.0,29.0,33,1.0,0.6
AA_be261198-6c5f-4b9,idwrd_urd,1,47,0,0.0,5.0,33,1.0,0.9
AA_be261198-6c5f-4b9,letterid_eng,13,97,0,0.0,5.0,28,1.0,0.9
AA_be261198-6c5f-4b9,idwrd_eng,0,49,0,0.0,5.0,7,1.0,0.9
AA_be261198-6c5f-4b9,pw_eng,0,30,1,0.0,5.0,31,1.0,0.7
AA_b929908f-532d-4e7,orf_urd,11,60,22,60.0,60.0,81,4.0,0.7
AA_9d92617a-c53f-43e,letterid_urd,12,78,9,76.0,77.0,83,5.0,1.0
AA_9d92617a-c53f-43e,idwrd_urd,45,50,3,49.0,50.0,53,5.0,1.0
AA_9d92617a-c53f-43e,orf_urd,43,60,0,60.0,60.0,60,5.0,1.0
AA_9d92617a-c53f-43e,letterid_eng,64,97,9,98.0,100.0,103,5.0,1.0
AA_9d92617a-c53f-43e,pw_eng,4,30,0,45.0,50.0,28,5.0,1.0
AA_9d92617a-c53f-43e,idwrd_eng,48,49,2,49.0,50.0,51,5.0,1.0
AA_9d92617a-c53f-43e,orf_eng,58,59,1,59.0,60.0,59,5.0,1.0
AA_de08d551-d829-448,letterid_urd,10,78,0,50.0,50.0,61,2.0,1.0
AA_de08d551-d829-448,idwrd_urd,7,50,1,14.0,19.0,31,2.0,1.0
AA_de08d551-d829-448,orf_urd,3,60,0,14.0,20.0,36,2.0,1.0
AA_de08d551-d829-448,letterid_eng,50,97,0,67.0,67.0,67,2.0,1.0
AA_de08d551-d829-448,pw_eng,4,30,0,10.0,15.0,27,2.0,1.0
AA_de08d551-d829-448,idwrd_eng,8,49,36,13.0,16.0,85,2.0,1.0
AA_de08d551-d829-448,orf_eng,0,59,17,20.0,23.0,76,2.0,1.0
AA_271887cf-1b78-4ce,letterid_urd,11,78,45,49.0,63.0,123,3.0,0.9
AA_271887cf-1b78-4ce,idwrd_urd,18,50,15,28.0,40.0,50,3.0,0.9
AA_271887cf-1b78-4ce,orf_urd,21,60,4,32.0,60.0,60,3.0,0.9
AA_271887cf-1b78-4ce,letterid_eng,47,97,6,58.0,71.0,81,3.0,0.9
AA_271887cf-1b78-4ce,pw_eng,0,30,100,3.0,10.0,130,3.0,0.9
AA_271887cf-1b78-4ce,idwrd_eng,1,49,0,24.0,42.0,15,3.0,0.7
AA_271887cf-1b78-4ce,orf_eng,5,59,61,16.0,36.0,120,3.0,0.9
AA_cc3e50b9-d8fd-494,idwrd_urd,14,50,23,27.0,32.0,73,2.0,0.8
AA_cc3e50b9-d8fd-494,orf_urd,10,60,59,31.0,35.0,119,2.0,0.9
AA_cc3e50b9-d8fd-494,letterid_eng,50,97,133,69.0,70.0,229,2.0,0.9
AA_cc3e50b9-d8fd-494,pw_eng,5,30,65,0.0,5.0,95,2.0,0.9
AA_cc3e50b9-d8fd-494,idwrd_eng,6,49,74,18.0,22.0,122,2.0,0.7
AA_9f532c2d-d760-4fa,letterid_urd,0,78,0,38.0,63.0,77,3.0,1.0
AA_9f532c2d-d760-4fa,idwrd_urd,30,50,4,49.0,50.0,52,3.0,1.0
AA_9f532c2d-d760-4fa,orf_urd,43,60,13,59.0,60.0,72,3.0,1.0
AA_9f532c2d-d760-4fa,letterid_eng,42,97,67,100.0,100.0,163,3.0,1.0
AA_9f532c2d-d760-4fa,pw_eng,0,30,0,9.0,32.0,28,3.0,1.0
AA_9f532c2d-d760-4fa,idwrd_eng,16,49,79,47.0,50.0,127,3.0,1.0
AA_9f532c2d-d760-4fa,orf_eng,45,54,9,54.0,60.0,62,3.0,1.0
AA_0d43f0f6-2d6b-44e,letterid_urd,5,78,0,62.0,63.0,66,4.0,1.0
AA_0d43f0f6-2d6b-44e,idwrd_urd,39,50,8,49.0,50.0,56,4.0,1.0
AA_0d43f0f6-2d6b-44e,orf_urd,43,60,0,59.0,60.0,59,4.0,1.0
AA_0d43f0f6-2d6b-44e,letterid_eng,54,97,7,100.0,100.0,100,4.0,1.0
AA_0d43f0f6-2d6b-44e,pw_eng,4,30,103,44.0,50.0,133,4.0,0.9
AA_0d43f0f6-2d6b-44e,idwrd_eng,41,49,1,46.0,50.0,46,4.0,1.0
AA_0d43f0f6-2d6b-44e,orf_eng,49,59,2,52.0,60.0,60,4.0,1.0
AA_aa8eabb8-8f23-448,letterid_urd,8,78,53,100.0,100.0,131,5.0,0.9
AA_aa8eabb8-8f23-448,idwrd_urd,40,49,26,48.0,50.0,75,5.0,0.9
AA_aa8eabb8-8f23-448,orf_urd,42,60,5,60.0,60.0,64,5.0,0.9
AA_aa8eabb8-8f23-448,letterid_eng,57,97,36,100.0,100.0,131,5.0,1.0
AA_aa8eabb8-8f23-448,pw_eng,3,30,108,37.0,50.0,138,5.0,1.0
AA_aa8eabb8-8f23-448,idwrd_eng,33,49,5,49.0,50.0,53,5.0,1.0
AA_aa8eabb8-8f23-448,orf_eng,34,59,8,56.0,60.0,62,5.0,1.0
AA_a8b75240-0f0f-44f,letterid_urd,0,78,0,40.0,42.0,15,1.0,0.95
AA_a8b75240-0f0f-44f,idwrd_urd,0,50,0,1.0,6.0,24,1.0,0.9
AA_a8b75240-0f0f-44f,letterid_eng,51,97,3,61.0,61.0,63,1.0,0.95
AA_a8b75240-0f0f-44f,pw_eng,1,30,0,1.0,6.0,5,1.0,0.85
AA_bc78193f-3d1b-4a1,letterid_urd,13,78,2,32.0,35.0,62,1.0,1.0
AA_bc78193f-3d1b-4a1,idwrd_urd,40,47,3,48.0,50.0,50,1.0,1.0
AA_bc78193f-3d1b-4a1,orf_urd,33,60,6,47.0,50.0,59,1.0,1.0
AA_bc78193f-3d1b-4a1,letterid_eng,49,90,3,74.0,75.0,66,1.0,1.0
AA_bc78193f-3d1b-4a1,pw_eng,0,30,0,1.0,6.0,2,1.0,0.7
AA_81cc4088-35cb-41b,letterid_urd,8,78,1,35.0,40.0,50,2.0,1.0
AA_81cc4088-35cb-41b,idwrd_urd,2,50,0,0.0,5.0,3,2.0,1.0
AA_81cc4088-35cb-41b,orf_urd,1,60,0,0.0,5.0,9,2.0,1.0
AA_81cc4088-35cb-41b,letterid_eng,6,97,0,0.0,10.0,22,2.0,1.0
AA_aa100754-6f80-435,letterid_urd,1,78,0,21.0,27.0,50,1.0,0.8
AA_aa100754-6f80-435,letterid_eng,10,70,0,4.0,20.0,10,1.0,0.9
AA_aa100754-6f80-435,pw_eng,3,30,0,0.0,5.0,4,1.0,0.5
AA_fbc07ae4-2c3f-40d,idwrd_urd,1,50,0,1.0,6.0,9,2.0,0.9
AA_fbc07ae4-2c3f-40d,orf_urd,2,60,18,1.0,6.0,78,2.0,0.9
AA_fbc07ae4-2c3f-40d,letterid_eng,24,97,7,49.0,49.0,37,2.0,0.9
AA_135c74c9-c70c-435,letterid_urd,26,67,8,67.0,72.0,71,2.0,1.0
AA_135c74c9-c70c-435,idwrd_urd,0,50,0,1.0,6.0,21,2.0,0.9
AA_135c74c9-c70c-435,letterid_eng,65,90,5,76.0,76.0,78,2.0,1.0
AA_135c74c9-c70c-435,pw_eng,0,30,0,1.0,6.0,27,2.0,0.9
AA_135c74c9-c70c-435,idwrd_eng,6,49,174,5.0,18.0,222,2.0,0.95
AA_089659f0-087a-4dd,idwrd_urd,1,50,146,0.0,5.0,196,3.0,0.5
AA_089659f0-087a-4dd,letterid_eng,46,97,84,99.0,100.0,178,3.0,1.0
AA_089659f0-087a-4dd,pw_eng,0,30,154,0.0,5.0,184,3.0,0.7
AA_a8f57a8e-c029-4c9,idwrd_urd,0,50,0,0.0,5.0,22,2.0,0.8
AA_a8f57a8e-c029-4c9,letterid_eng,4,51,0,1.0,11.0,4,2.0,0.7
AA_430d23d7-68df-42a,letterid_urd,6,78,0,4.0,18.0,24,1.0,0.9
AA_430d23d7-68df-42a,letterid_eng,0,97,0,3.0,15.0,6,1.0,0.9
AA_a9c5ede9-f374-4d5,idwrd_urd,0,50,0,3.0,8.0,50,2.0,0.8
AA_a9c5ede9-f374-4d5,orf_urd,0,60,0,4.0,10.0,28,2.0,0.9
AA_a9c5ede9-f374-4d5,letterid_eng,41,97,3,55.0,55.0,58,2.0,0.9
AA_a9c5ede9-f374-4d5,pw_eng,0,30,194,7.0,14.0,224,2.0,0.9
AA_a9c5ede9-f374-4d5,idwrd_eng,0,49,95,5.0,11.0,144,2.0,0.7
AA_a9c5ede9-f374-4d5,orf_eng,2,59,0,1.0,6.0,53,2.0,0.6
AA_0e2dac14-5204-4dc,orf_urd,0,60,0,5.0,10.0,44,2.0,0.5
AA_0e2dac14-5204-4dc,letterid_eng,41,97,1,78.0,80.0,62,2.0,0.9
AA_0e2dac14-5204-4dc,pw_eng,0,30,5,1.0,6.0,35,2.0,0.8
AA_0e2dac14-5204-4dc,idwrd_eng,3,49,175,1.0,6.0,224,2.0,0.8
AA_0e2dac14-5204-4dc,orf_eng,1,59,0,1.0,6.0,50,2.0,0.9
AA_bf833efb-b7bf-4a0,letterid_urd,12,78,5,55.0,59.0,66,2.0,1.0
AA_bf833efb-b7bf-4a0,idwrd_urd,8,50,2,9.0,44.0,52,2.0,1.0
AA_bf833efb-b7bf-4a0,orf_urd,21,37,0,32.0,45.0,27,2.0,1.0
AA_bf833efb-b7bf-4a0,letterid_eng,71,97,7,92.0,93.0,101,2.0,1.0
AA_bf833efb-b7bf-4a0,pw_eng,0,30,0,1.0,5.0,18,2.0,1.0
AA_bf833efb-b7bf-4a0,idwrd_eng,0,49,0,0.0,6.0,6,2.0,1.0
AA_bf833efb-b7bf-4a0,orf_eng,2,59,0,30.0,34.0,6,2.0,1.0
AA_44eadcb8-72fe-43d,letterid_eng,25,97,0,79.0,80.0,48,3.0,0.9
AA_3b6b6972-0052-450,letterid_urd,2,78,0,60.0,60.0,63,1.0,1.0
AA_3b6b6972-0052-450,idwrd_urd,6,50,0,13.0,19.0,34,1.0,1.0
AA_3b6b6972-0052-450,orf_urd,5,60,1,17.0,26.0,39,1.0,1.0
AA_3b6b6972-0052-450,letterid_eng,41,97,1,77.0,78.0,78,1.0,1.0
AA_3b6b6972-0052-450,pw_eng,5,30,153,10.0,30.0,183,1.0,1.0
AA_3b6b6972-0052-450,idwrd_eng,0,49,172,4.0,14.0,221,1.0,0.8
AA_3b6b6972-0052-450,orf_eng,4,59,0,0.0,5.0,12,1.0,1.0
AA_4e25386a-f7bc-4a1,letterid_urd,1,78,0,99.0,100.0,76,5.0,0.8
AA_4e25386a-f7bc-4a1,idwrd_urd,40,50,4,48.0,50.0,54,5.0,0.9
AA_4e25386a-f7bc-4a1,orf_urd,35,60,0,59.0,60.0,58,5.0,0.9
AA_4e25386a-f7bc-4a1,letterid_eng,60,89,2,82.0,83.0,86,5.0,0.9
AA_4e25386a-f7bc-4a1,idwrd_eng,19,26,8,31.0,37.0,34,5.0,0.7
AA_4e25386a-f7bc-4a1,orf_eng,22,59,2,45.0,56.0,45,5.0,0.9
AA_5dce002b-57cd-4c9,letterid_urd,5,78,23,76.0,78.0,101,5.0,1.0
AA_5dce002b-57cd-4c9,idwrd_urd,43,50,2,50.0,50.0,52,5.0,1.0
AA_5dce002b-57cd-4c9,orf_urd,43,60,1,60.0,60.0,60,5.0,1.0
AA_5dce002b-57cd-4c9,letterid_eng,52,97,9,99.0,99.0,101,5.0,1.0
AA_5dce002b-57cd-4c9,pw_eng,0,30,118,39.0,50.0,148,5.0,0.8
AA_5dce002b-57cd-4c9,idwrd_eng,20,49,3,49.0,50.0,48,5.0,1.0
AA_5dce002b-57cd-4c9,orf_eng,47,59,1,57.0,60.0,57,5.0,1.0
AA_5e864c07-25df-4cc,letterid_urd,17,78,23,95.0,95.0,101,4.0,1.0
AA_5e864c07-25df-4cc,idwrd_urd,44,50,2,49.0,50.0,52,4.0,1.0
AA_5e864c07-25df-4cc,orf_urd,43,60,0,59.0,60.0,60,4.0,1.0
AA_5e864c07-25df-4cc,letterid_eng,70,97,13,100.0,100.0,96,4.0,1.0
AA_5e864c07-25df-4cc,pw_eng,5,30,27,43.0,50.0,53,4.0,1.0
AA_5e864c07-25df-4cc,idwrd_eng,43,49,73,49.0,50.0,121,4.0,1.0
AA_5e864c07-25df-4cc,orf_eng,48,59,1,50.0,60.0,58,4.0,1.0
AA_7e0f11d6-0031-492,letterid_urd,2,78,0,45.0,46.0,45,2.0,0.9
AA_7e0f11d6-0031-492,idwrd_urd,10,50,1,13.0,16.0,16,2.0,0.9
AA_7e0f11d6-0031-492,orf_urd,6,60,2,19.0,22.0,34,2.0,0.9
AA_7e0f11d6-0031-492,letterid_eng,36,97,0,51.0,51.0,50,2.0,0.9
AA_7e0f11d6-0031-492,pw_eng,5,30,151,12.0,16.0,181,2.0,0.8
AA_7e0f11d6-0031-492,idwrd_eng,0,49,174,6.0,12.0,223,2.0,0.8
AA_7e0f11d6-0031-492,orf_eng,5,59,0,9.0,13.0,23,2.0,0.8
AA_91ecf22b-d335-4de,letterid_urd,2,78,10,89.0,89.0,88,4.0,0.9
AA_91ecf22b-d335-4de,idwrd_urd,38,50,1,50.0,50.0,48,4.0,0.9
AA_91ecf22b-d335-4de,orf_urd,41,60,2,60.0,60.0,62,4.0,0.9
AA_91ecf22b-d335-4de,letterid_eng,62,97,57,100.0,100.0,151,4.0,0.9
AA_91ecf22b-d335-4de,pw_eng,4,30,96,40.0,50.0,126,4.0,0.9
AA_91ecf22b-d335-4de,idwrd_eng,10,49,25,50.0,50.0,74,4.0,0.9
AA_91ecf22b-d335-4de,orf_eng,18,59,9,58.0,60.0,65,4.0,0.9
AA_69691a12-deef-4dd,letterid_urd,20,78,6,38.0,54.0,54,3.0,1.0
AA_69691a12-deef-4dd,idwrd_urd,0,50,0,0.0,5.0,18,3.0,1.0
AA_69691a12-deef-4dd,orf_urd,0,60,0,0.0,5.0,25,3.0,1.0
AA_69691a12-deef-4dd,letterid_eng,47,97,8,74.0,74.0,87,3.0,1.0
AA_69691a12-deef-4dd,pw_eng,0,30,0,0.0,5.0,21,3.0,0.9
AA_69691a12-deef-4dd,idwrd_eng,0,49,106,5.0,13.0,155,3.0,0.9
AA_69691a12-deef-4dd,orf_eng,6,59,0,1.0,6.0,39,3.0,0.9
AA_e2237f3f-eb26-4b7,letterid_urd,5,78,55,75.0,75.0,133,2.0,1.0
AA_e2237f3f-eb26-4b7,idwrd_urd,38,50,10,49.0,50.0,60,2.0,1.0
AA_e2237f3f-eb26-4b7,orf_urd,42,60,15,59.0,60.0,75,2.0,1.0
AA_e2237f3f-eb26-4b7,letterid_eng,47,97,123,100.0,100.0,219,2.0,1.0
AA_e2237f3f-eb26-4b7,pw_eng,3,30,164,30.0,35.0,192,2.0,1.0
AA_e2237f3f-eb26-4b7,idwrd_eng,37,49,3,48.0,50.0,51,2.0,0.6
AA_e2237f3f-eb26-4b7,orf_eng,38,59,7,56.0,60.0,59,2.0,1.0
AA_05729872-0031-4b1,letterid_urd,3,78,6,97.0,100.0,84,3.0,0.9
AA_05729872-0031-4b1,idwrd_urd,24,40,14,27.0,32.0,52,3.0,0.9
AA_05729872-0031-4b1,orf_urd,21,36,18,30.0,36.0,54,3.0,0.9
AA_05729872-0031-4b1,letterid_eng,75,97,82,100.0,100.0,165,3.0,0.9
AA_05729872-0031-4b1,pw_eng,3,30,0,1.0,7.0,7,3.0,0.9
AA_05729872-0031-4b1,idwrd_eng,11,49,0,14.0,17.0,26,3.0,0.9
AA_05729872-0031-4b1,orf_eng,2,59,0,1.0,7.0,38,3.0,0.9
AA_2387d28e-9d18-473,idwrd_urd,6,50,5,27.0,31.0,55,3.0,1.0
AA_2387d28e-9d18-473,orf_urd,5,60,0,23.0,33.0,54,3.0,1.0
AA_2387d28e-9d18-473,letterid_eng,49,97,5,94.0,94.0,99,3.0,1.0
AA_2387d28e-9d18-473,pw_eng,0,30,41,0.0,5.0,71,3.0,1.0
AA_2387d28e-9d18-473,idwrd_eng,0,49,0,0.0,5.0,40,3.0,1.0
AA_2387d28e-9d18-473,orf_eng,5,59,0,0.0,5.0,21,3.0,1.0
AA_158fcd1e-4d4e-4d0,letterid_urd,1,78,17,57.0,57.0,95,1.0,0.8
AA_158fcd1e-4d4e-4d0,idwrd_urd,2,50,0,22.0,28.0,41,1.0,0.7
AA_158fcd1e-4d4e-4d0,orf_urd,1,60,0,34.0,43.0,25,1.0,0.6
AA_158fcd1e-4d4e-4d0,letterid_eng,40,97,127,100.0,100.0,221,1.0,0.9
AA_158fcd1e-4d4e-4d0,idwrd_eng,1,49,16,21.0,32.0,65,1.0,0.5
AA_bd2f2910-0953-45a,letterid_urd,1,78,0,100.0,100.0,54,4.0,1.0
AA_bd2f2910-0953-45a,idwrd_urd,2,50,73,42.0,46.0,123,4.0,1.0
AA_bd2f2910-0953-45a,orf_urd,5,60,71,22.0,23.0,131,4.0,1.0
AA_bd2f2910-0953-45a,letterid_eng,35,97,0,100.0,100.0,57,4.0,1.0
AA_bd2f2910-0953-45a,pw_eng,3,30,0,0.0,5.0,16,4.0,1.0
AA_bd2f2910-0953-45a,idwrd_eng,0,49,2,0.0,5.0,51,4.0,1.0
AA_bd2f2910-0953-45a,orf_eng,4,59,0,0.0,5.0,12,4.0,1.0
AA_788dfa6a-d7ba-413,letterid_urd,7,78,30,97.0,100.0,108,5.0,1.0
AA_788dfa6a-d7ba-413,idwrd_urd,44,50,1,48.0,50.0,49,5.0,1.0
AA_788dfa6a-d7ba-413,orf_urd,42,60,0,60.0,60.0,59,5.0,1.0
AA_788dfa6a-d7ba-413,letterid_eng,80,97,54,100.0,100.0,148,5.0,1.0
AA_788dfa6a-d7ba-413,pw_eng,5,30,22,36.0,50.0,52,5.0,1.0
AA_788dfa6a-d7ba-413,idwrd_eng,44,49,2,45.0,50.0,50,5.0,1.0
AA_788dfa6a-d7ba-413,orf_eng,55,59,1,53.0,60.0,60,5.0,1.0
AA_ba957417-5e7b-491,letterid_urd,13,78,15,56.0,63.0,93,5.0,1.0
AA_ba957417-5e7b-491,idwrd_urd,8,50,22,13.0,23.0,72,5.0,1.0
AA_ba957417-5e7b-491,orf_urd,12,60,19,19.0,35.0,79,5.0,1.0
AA_ba957417-5e7b-491,letterid_eng,52,97,128,94.0,94.0,224,5.0,1.0
AA_ba957417-5e7b-491,idwrd_eng,8,15,5,6.0,17.0,19,5.0,1.0
AA_4f99136d-8961-4e8,letterid_urd,4,78,10,67.0,73.0,88,2.0,1.0
AA_4f99136d-8961-4e8,idwrd_urd,7,50,73,19.0,22.0,123,2.0,1.0
AA_4f99136d-8961-4e8,orf_urd,22,60,6,38.0,45.0,52,2.0,1.0
AA_4f99136d-8961-4e8,letterid_eng,62,97,65,92.0,93.0,156,2.0,1.0
AA_4f99136d-8961-4e8,pw_eng,0,30,191,11.0,25.0,221,2.0,1.0
AA_4f99136d-8961-4e8,idwrd_eng,0,49,112,11.0,19.0,161,2.0,1.0
AA_e9ef5a5c-fae0-45a,letterid_urd,0,78,0,20.0,35.0,18,1.0,0.9
AA_e9ef5a5c-fae0-45a,idwrd_urd,1,50,0,1.0,6.0,22,1.0,0.8
AA_e9ef5a5c-fae0-45a,orf_urd,0,60,0,1.0,6.0,1,1.0,0.8
AA_e9ef5a5c-fae0-45a,letterid_eng,29,97,31,14.0,26.0,127,1.0,0.9
AA_e9ef5a5c-fae0-45a,pw_eng,3,30,177,1.0,6.0,207,1.0,0.8
AA_e9ef5a5c-fae0-45a,idwrd_eng,1,49,0,1.0,6.0,11,1.0,0.8
AA_be2450d2-2128-493,letterid_urd,9,78,34,87.0,89.0,112,4.0,1.0
AA_be2450d2-2128-493,idwrd_urd,29,47,17,37.0,48.0,64,4.0,1.0
AA_be2450d2-2128-493,orf_urd,27,60,20,58.0,60.0,77,4.0,1.0
AA_be2450d2-2128-493,letterid_eng,58,97,71,100.0,100.0,168,4.0,1.0
AA_be2450d2-2128-493,pw_eng,0,30,0,0.0,5.0,26,4.0,0.8
AA_be2450d2-2128-493,idwrd_eng,9,43,6,38.0,47.0,38,4.0,1.0
AA_be2450d2-2128-493,orf_eng,21,59,3,45.0,60.0,37,4.0,1.0
AA_b2abea24-c5e2-478,letterid_urd,8,78,63,29.0,36.0,140,4.0,1.0
AA_b2abea24-c5e2-478,idwrd_urd,38,50,38,48.0,50.0,88,4.0,1.0
AA_b2abea24-c5e2-478,orf_urd,40,60,4,60.0,60.0,64,4.0,1.0
AA_b2abea24-c5e2-478,letterid_eng,75,97,65,99.0,100.0,160,4.0,1.0
AA_b2abea24-c5e2-478,pw_eng,0,30,20,30.0,36.0,50,4.0,1.0
AA_b2abea24-c5e2-478,idwrd_eng,19,49,3,50.0,50.0,41,4.0,1.0
AA_b2abea24-c5e2-478,orf_eng,47,59,0,60.0,60.0,57,4.0,1.0
AA_374d6c43-5ef4-4ab,letterid_urd,8,78,1,23.0,28.0,50,1.0,1.0
AA_374d6c43-5ef4-4ab,idwrd_urd,0,50,0,0.0,5.0,33,1.0,1.0
AA_374d6c43-5ef4-4ab,orf_urd,1,60,0,0.0,5.0,22,1.0,1.0
AA_374d6c43-5ef4-4ab,letterid_eng,33,97,39,30.0,36.0,134,1.0,1.0
AA_374d6c43-5ef4-4ab,pw_eng,0,30,0,0.0,5.0,7,1.0,1.0
AA_374d6c43-5ef4-4ab,idwrd_eng,1,22,0,0.0,5.0,20,1.0,1.0
AA_374d6c43-5ef4-4ab,orf_eng,2,59,0,0.0,5.0,38,1.0,1.0
AA_83e92973-f500-426,letterid_urd,3,78,0,53.0,54.0,67,4.0,1.0
AA_83e92973-f500-426,idwrd_urd,1,50,0,2.0,25.0,11,4.0,0.9
AA_83e92973-f500-426,orf_urd,2,60,0,0.0,12.0,7,4.0,1.0
AA_83e92973-f500-426,letterid_eng,31,97,1,40.0,41.0,61,4.0,1.0
AA_83e92973-f500-426,pw_eng,4,5,0,0.0,5.0,4,4.0,0.8
AA_9fd3b07d-cb1e-42b,letterid_urd,8,78,34,74.0,76.0,112,5.0,0.9
AA_9fd3b07d-cb1e-42b,idwrd_urd,39,50,5,50.0,50.0,55,5.0,0.9
AA_9fd3b07d-cb1e-42b,orf_urd,42,60,6,59.0,60.0,66,5.0,0.9
AA_9fd3b07d-cb1e-42b,letterid_eng,65,97,95,100.0,100.0,191,5.0,0.9
AA_9fd3b07d-cb1e-42b,pw_eng,0,30,72,50.0,50.0,102,5.0,0.9
AA_9fd3b07d-cb1e-42b,idwrd_eng,40,49,74,50.0,50.0,121,5.0,0.9
AA_9fd3b07d-cb1e-42b,orf_eng,58,59,1,60.0,60.0,60,5.0,0.9
AA_eb34954f-5621-459,letterid_urd,18,78,5,70.0,74.0,79,3.0,1.0
AA_eb34954f-5621-459,idwrd_urd,35,50,4,44.0,50.0,50,3.0,1.0
AA_eb34954f-5621-459,orf_urd,43,60,6,59.0,59.0,66,3.0,1.0
AA_eb34954f-5621-459,letterid_eng,69,97,65,100.0,100.0,157,3.0,1.0
AA_eb34954f-5621-459,pw_eng,0,30,0,0.0,5.0,10,3.0,0.8
AA_7ad7b97a-d69d-416,letterid_urd,8,78,2,60.0,60.0,66,4.0,0.9
AA_7ad7b97a-d69d-416,idwrd_urd,0,50,0,0.0,5.0,11,4.0,0.9
AA_7ad7b97a-d69d-416,orf_urd,5,60,0,19.0,21.0,37,4.0,0.9
AA_7ad7b97a-d69d-416,letterid_eng,33,97,128,96.0,96.0,224,4.0,0.9
AA_7ad7b97a-d69d-416,pw_eng,0,30,0,0.0,5.0,9,4.0,0.9
AA_7ad7b97a-d69d-416,idwrd_eng,1,49,0,0.0,5.0,11,4.0,0.9
AA_7ad7b97a-d69d-416,orf_eng,4,59,0,1.0,6.0,13,4.0,0.9
AA_d53dbe59-66a4-415,letterid_urd,2,78,0,25.0,41.0,57,1.0,1.0
AA_d53dbe59-66a4-415,idwrd_urd,1,50,7,0.0,5.0,57,1.0,1.0
AA_d53dbe59-66a4-415,letterid_eng,21,97,0,11.0,24.0,31,1.0,1.0
AA_d53dbe59-66a4-415,pw_eng,0,30,0,0.0,5.0,21,1.0,0.7
AA_d53dbe59-66a4-415,idwrd_eng,0,49,173,1.0,5.0,222,1.0,0.5
AA_d53dbe59-66a4-415,orf_eng,5,59,0,0.0,5.0,13,1.0,0.8
AA_48d71665-bb15-401,letterid_urd,2,78,0,53.0,60.0,63,5.0,0.9
AA_48d71665-bb15-401,idwrd_urd,41,50,1,45.0,46.0,51,5.0,0.9
AA_48d71665-bb15-401,orf_urd,41,60,7,57.0,60.0,67,5.0,0.9
AA_48d71665-bb15-401,letterid_eng,50,97,50,84.0,84.0,146,5.0,0.9
AA_48d71665-bb15-401,pw_eng,0,30,0,0.0,5.0,8,5.0,0.8
AA_48d71665-bb15-401,idwrd_eng,25,49,2,27.0,33.0,36,5.0,0.9
AA_48d71665-bb15-401,orf_eng,8,59,0,1.0,6.0,11,5.0,0.9
AA_063c4da1-14ee-4c6,letterid_urd,32,78,42,70.0,70.0,120,5.0,1.0
AA_063c4da1-14ee-4c6,idwrd_urd,39,50,3,49.0,50.0,52,5.0,1.0
AA_063c4da1-14ee-4c6,orf_urd,42,60,0,59.0,60.0,59,5.0,1.0
AA_063c4da1-14ee-4c6,letterid_eng,77,97,67,92.0,96.0,160,5.0,1.0
AA_063c4da1-14ee-4c6,pw_eng,0,30,0,0.0,5.0,5,5.0,0.9
AA_063c4da1-14ee-4c6,idwrd_eng,41,49,1,49.0,50.0,49,5.0,1.0
AA_063c4da1-14ee-4c6,orf_eng,50,59,1,57.0,60.0,54,5.0,1.0
AA_c82929c2-05b6-468,letterid_urd,0,78,0,38.0,38.0,72,1.0,1.0
AA_c82929c2-05b6-468,idwrd_urd,0,50,0,0.0,5.0,31,1.0,0.9
AA_c82929c2-05b6-468,orf_urd,0,60,0,0.0,18.0,34,1.0,1.0
AA_c82929c2-05b6-468,letterid_eng,51,97,2,74.0,74.0,91,1.0,1.0
AA_c82929c2-05b6-468,pw_eng,5,30,0,0.0,5.0,18,1.0,1.0
AA_c82929c2-05b6-468,idwrd_eng,0,49,105,2.0,20.0,154,1.0,1.0
AA_c82929c2-05b6-468,orf_eng,4,59,0,0.0,5.0,12,1.0,1.0
AA_34eb5079-1c89-41d,letterid_urd,6,78,3,54.0,58.0,73,2.0,0.9
AA_34eb5079-1c89-41d,idwrd_urd,3,50,0,10.0,16.0,20,2.0,0.9
AA_34eb5079-1c89-41d,orf_urd,2,53,0,12.0,19.0,11,2.0,0.9
AA_34eb5079-1c89-41d,letterid_eng,56,97,9,68.0,70.0,83,2.0,0.9
AA_34eb5079-1c89-41d,idwrd_eng,7,49,0,6.0,15.0,14,2.0,0.7
AA_34eb5079-1c89-41d,orf_eng,4,59,0,10.0,21.0,45,2.0,0.9
AA_bc0e09c8-aae5-466,letterid_urd,2,78,0,47.0,54.0,66,3.0,0.9
AA_bc0e09c8-aae5-466,idwrd_urd,36,46,6,48.0,50.0,52,3.0,0.9
AA_bc0e09c8-aae5-466,orf_urd,42,60,1,57.0,60.0,60,3.0,0.9
AA_bc0e09c8-aae5-466,letterid_eng,62,85,12,83.0,83.0,96,3.0,0.8
AA_bc0e09c8-aae5-466,pw_eng,4,30,0,0.0,5.0,18,3.0,0.8
AA_bc0e09c8-aae5-466,idwrd_eng,7,49,0,28.0,32.0,34,3.0,0.9
AA_bc0e09c8-aae5-466,orf_eng,4,59,0,0.0,5.0,12,3.0,0.9
AA_6f2e975a-3208-448,letterid_urd,6,78,0,35.0,36.0,21,1.0,0.9
AA_6f2e975a-3208-448,idwrd_urd,0,50,0,0.0,5.0,8,1.0,0.9
AA_6f2e975a-3208-448,orf_urd,0,60,0,0.0,5.0,42,1.0,0.9
AA_6f2e975a-3208-448,letterid_eng,39,97,0,58.0,60.0,48,1.0,0.9
AA_6f2e975a-3208-448,idwrd_eng,5,49,174,4.0,9.0,222,1.0,0.9
AA_6f2e975a-3208-448,orf_eng,5,59,0,0.0,5.0,21,1.0,0.9
AA_6b23e6a2-c3d5-475,letterid_urd,1,78,0,64.0,64.0,14,1.0,1.0
AA_6b23e6a2-c3d5-475,idwrd_urd,0,50,0,0.0,5.0,12,1.0,0.9
AA_6b23e6a2-c3d5-475,letterid_eng,11,97,0,0.0,11.0,22,1.0,1.0
AA_6b23e6a2-c3d5-475,idwrd_eng,4,49,0,0.0,5.0,25,1.0,0.8
AA_bee0235b-f2cd-42b,letterid_urd,3,78,0,39.0,39.0,35,3.0,0.9
AA_bee0235b-f2cd-42b,idwrd_urd,42,48,0,46.0,47.0,48,3.0,0.9
AA_bee0235b-f2cd-42b,letterid_eng,46,92,2,48.0,50.0,54,3.0,0.9
AA_bee0235b-f2cd-42b,pw_eng,0,30,0,0.0,5.0,3,3.0,0.9
AA_bee0235b-f2cd-42b,idwrd_eng,27,33,1,25.0,28.0,33,3.0,0.9
AA_bee0235b-f2cd-42b,orf_eng,3,59,0,0.0,5.0,5,3.0,0.7
AA_99ab36ed-ed68-4e9,letterid_urd,3,78,0,100.0,100.0,61,4.0,0.9
AA_99ab36ed-ed68-4e9,idwrd_urd,24,49,2,50.0,50.0,45,4.0,0.9
AA_99ab36ed-ed68-4e9,orf_urd,17,27,1,60.0,60.0,28,4.0,1.0
AA_99ab36ed-ed68-4e9,letterid_eng,38,97,4,20.0,20.0,91,4.0,1.0
AA_99ab36ed-ed68-4e9,idwrd_eng,1,49,0,0.0,5.0,6,4.0,0.7
AA_bd035dbb-e421-480,letterid_urd,0,78,4,51.0,61.0,82,4.0,0.9
AA_bd035dbb-e421-480,idwrd_urd,12,50,57,50.0,50.0,107,4.0,0.7
AA_bd035dbb-e421-480,orf_urd,41,60,4,60.0,60.0,64,4.0,0.9
AA_bd035dbb-e421-480,letterid_eng,36,97,8,99.0,100.0,90,4.0,0.9
AA_bd035dbb-e421-480,idwrd_eng,3,49,1,45.0,50.0,47,4.0,0.8
AA_bd035dbb-e421-480,orf_eng,46,59,2,55.0,60.0,56,4.0,0.9
AA_29cbf33e-8ec1-4da,letterid_urd,24,78,15,80.0,85.0,93,5.0,1.0
AA_29cbf33e-8ec1-4da,idwrd_urd,41,50,6,44.0,50.0,56,5.0,1.0
AA_29cbf33e-8ec1-4da,orf_urd,43,60,13,60.0,60.0,73,5.0,0.8
AA_29cbf33e-8ec1-4da,letterid_eng,52,97,77,95.0,95.0,173,5.0,1.0
AA_29cbf33e-8ec1-4da,pw_eng,4,30,81,45.0,50.0,110,5.0,0.9
AA_29cbf33e-8ec1-4da,idwrd_eng,15,49,62,49.0,50.0,110,5.0,1.0
AA_29cbf33e-8ec1-4da,orf_eng,48,59,3,59.0,60.0,58,5.0,0.8
AA_7383689c-5655-418,letterid_urd,3,78,14,98.0,100.0,92,2.0,1.0
AA_7383689c-5655-418,orf_urd,1,60,0,10.0,14.0,44,2.0,0.6
AA_7383689c-5655-418,letterid_eng,37,97,126,80.0,80.0,223,2.0,1.0
AA_7383689c-5655-418,pw_eng,0,30,161,2.0,6.0,191,2.0,0.9
AA_d7e1f153-71b4-4e8,idwrd_urd,0,50,0,1.0,5.0,13,1.0,1.0
AA_d7e1f153-71b4-4e8,pw_eng,1,5,0,0.0,5.0,3,1.0,0.8
AA_c073035b-93b5-46e,letterid_urd,11,78,10,57.0,66.0,88,4.0,1.0
AA_c073035b-93b5-46e,idwrd_urd,11,50,12,18.0,40.0,61,4.0,1.0
AA_c073035b-93b5-46e,letterid_eng,46,97,66,71.0,77.0,161,4.0,1.0
AA_c073035b-93b5-46e,orf_urd,10,60,0,0.0,5.0,14,4.0,0.5
AA_c073035b-93b5-46e,pw_eng,5,30,59,1.0,5.0,89,4.0,0.8
AA_c073035b-93b5-46e,idwrd_eng,1,49,0,19.0,38.0,17,4.0,0.8
AA_250a871a-d114-4e1,letterid_urd,2,78,24,100.0,100.0,102,5.0,1.0
AA_350b43cb-69b8-4f0,orf_urd,0,60,0,0.0,5.0,35,1.0,0.8
AA_350b43cb-69b8-4f0,letterid_eng,15,97,0,12.0,24.0,22,1.0,0.9
AA_350b43cb-69b8-4f0,pw_eng,0,30,81,0.0,5.0,111,1.0,0.7
AA_577dd2ed-5436-421,letterid_urd,5,78,65,72.0,76.0,143,2.0,0.3
AA_577dd2ed-5436-421,idwrd_urd,22,50,36,48.0,50.0,86,2.0,0.4
AA_577dd2ed-5436-421,letterid_eng,57,97,76,82.0,82.0,171,2.0,0.9
AA_577dd2ed-5436-421,pw_eng,3,30,33,0.0,5.0,63,2.0,0.9
AA_577dd2ed-5436-421,idwrd_eng,11,49,29,36.0,41.0,78,2.0,0.6
AA_174662a2-7c83-461,letterid_eng,57,97,5,80.0,80.0,83,1.0,1.0
AA_174662a2-7c83-461,pw_eng,2,30,0,1.0,6.0,15,1.0,0.8
AA_174662a2-7c83-461,orf_eng,5,59,0,1.0,6.0,48,1.0,0.7
AA_b68b3349-98b4-4c6,letterid_urd,0,78,0,23.0,28.0,53,2.0,1.0
AA_b68b3349-98b4-4c6,idwrd_urd,0,50,0,0.0,5.0,22,2.0,1.0
AA_b68b3349-98b4-4c6,orf_urd,0,60,0,0.0,5.0,15,2.0,1.0
AA_b68b3349-98b4-4c6,letterid_eng,38,70,6,73.0,73.0,76,2.0,0.8
AA_b68b3349-98b4-4c6,pw_eng,0,30,21,0.0,5.0,51,2.0,0.9
AA_b68b3349-98b4-4c6,idwrd_eng,1,49,98,5.0,9.0,147,2.0,0.6
AA_b68b3349-98b4-4c6,orf_eng,2,59,0,0.0,5.0,26,2.0,1.0
AA_2a65f1d9-b974-45b,letterid_urd,7,78,50,100.0,100.0,128,5.0,0.9
AA_2a65f1d9-b974-45b,idwrd_urd,34,50,1,50.0,50.0,50,5.0,0.8
AA_2a65f1d9-b974-45b,orf_urd,14,60,5,59.0,60.0,48,5.0,0.8
AA_2a65f1d9-b974-45b,letterid_eng,60,97,57,100.0,100.0,154,5.0,0.9
AA_2a65f1d9-b974-45b,idwrd_eng,17,49,14,49.0,50.0,62,5.0,0.9
AA_2a65f1d9-b974-45b,orf_eng,37,59,11,57.0,60.0,67,5.0,0.9
AA_211f7272-f101-442,letterid_urd,1,78,0,89.0,93.0,68,4.0,1.0
AA_211f7272-f101-442,idwrd_urd,18,50,24,46.0,50.0,71,4.0,0.8
AA_211f7272-f101-442,orf_urd,31,60,7,55.0,60.0,64,4.0,1.0
AA_211f7272-f101-442,letterid_eng,45,97,119,100.0,100.0,215,4.0,1.0
AA_211f7272-f101-442,pw_eng,1,30,22,5.0,50.0,52,4.0,0.7
AA_211f7272-f101-442,idwrd_eng,7,49,74,45.0,50.0,123,4.0,0.8
AA_211f7272-f101-442,orf_eng,7,59,0,56.0,60.0,24,4.0,1.0
AA_75469b92-e2a1-44e,letterid_urd,13,67,1,28.0,31.0,37,1.0,1.0
AA_75469b92-e2a1-44e,orf_urd,0,60,0,1.0,6.0,8,1.0,0.7
AA_75469b92-e2a1-44e,letterid_eng,29,85,2,35.0,36.0,38,1.0,1.0
AA_75469b92-e2a1-44e,pw_eng,0,30,0,0.0,5.0,7,1.0,0.7
AA_75469b92-e2a1-44e,idwrd_eng,0,49,0,4.0,7.0,40,1.0,0.9
AA_63037a7f-dae6-4ca,letterid_urd,1,78,29,57.0,57.0,107,1.0,0.95
AA_63037a7f-dae6-4ca,letterid_eng,45,97,1,69.0,69.0,69,1.0,0.95
AA_ece27ef7-9e9e-418,letterid_urd,32,78,21,73.0,82.0,99,4.0,1.0
AA_ece27ef7-9e9e-418,idwrd_urd,3,50,0,20.0,27.0,41,4.0,1.0
AA_ece27ef7-9e9e-418,orf_urd,0,60,0,0.0,6.0,10,4.0,0.9
AA_ece27ef7-9e9e-418,letterid_eng,73,97,4,96.0,96.0,95,4.0,1.0
AA_ece27ef7-9e9e-418,pw_eng,0,30,0,0.0,5.0,8,4.0,1.0
AA_ece27ef7-9e9e-418,idwrd_eng,10,46,0,18.0,32.0,20,4.0,1.0
AA_ece27ef7-9e9e-418,orf_eng,5,59,0,0.0,5.0,12,4.0,0.9
AA_d297262c-ee74-4c9,idwrd_urd,2,50,0,0.0,4.0,25,2.0,1.0
AA_d297262c-ee74-4c9,letterid_eng,42,97,119,58.0,59.0,216,2.0,1.0
AA_d297262c-ee74-4c9,idwrd_eng,5,49,0,0.0,5.0,11,2.0,0.8
AA_98d3878d-7611-485,letterid_urd,15,78,13,67.0,69.0,91,4.0,1.0
AA_98d3878d-7611-485,idwrd_urd,37,50,15,42.0,46.0,62,4.0,1.0
AA_98d3878d-7611-485,orf_urd,42,60,4,60.0,60.0,64,4.0,1.0
AA_98d3878d-7611-485,letterid_eng,27,97,13,99.0,100.0,109,4.0,1.0
AA_98d3878d-7611-485,pw_eng,4,30,157,34.0,43.0,187,4.0,0.9
AA_98d3878d-7611-485,idwrd_eng,8,49,0,44.0,50.0,35,4.0,1.0
AA_98d3878d-7611-485,orf_eng,46,59,2,57.0,60.0,56,4.0,1.0
AA_e88f0436-95cb-4a0,letterid_urd,0,78,84,55.0,57.0,162,1.0,0.5
AA_e88f0436-95cb-4a0,idwrd_urd,13,50,53,34.0,35.0,101,1.0,0.6
AA_e88f0436-95cb-4a0,letterid_eng,37,71,8,72.0,72.0,65,1.0,0.7
AA_e88f0436-95cb-4a0,pw_eng,0,30,0,0.0,5.0,14,1.0,0.5
AA_55bff466-ee5d-48f,letterid_urd,10,78,0,51.0,54.0,62,2.0,1.0
AA_55bff466-ee5d-48f,idwrd_urd,2,50,0,0.0,5.0,5,2.0,1.0
AA_55bff466-ee5d-48f,letterid_eng,39,97,2,31.0,32.0,64,2.0,1.0
AA_eaf07843-14a1-4e9,letterid_urd,7,78,18,75.0,75.0,96,3.0,1.0
AA_eaf07843-14a1-4e9,idwrd_urd,4,50,42,29.0,29.0,92,3.0,0.9
AA_eaf07843-14a1-4e9,orf_urd,12,45,7,48.0,53.0,50,3.0,1.0
AA_eaf07843-14a1-4e9,letterid_eng,29,97,75,89.0,90.0,172,3.0,0.8
AA_eaf07843-14a1-4e9,pw_eng,0,30,188,27.0,28.0,218,3.0,0.7
AA_eaf07843-14a1-4e9,idwrd_eng,9,49,81,35.0,38.0,130,3.0,0.8
AA_eaf07843-14a1-4e9,orf_eng,7,59,0,36.0,43.0,33,3.0,1.0
AA_5d2c0d0d-94a3-4cd,letterid_urd,2,78,0,70.0,70.0,72,5.0,1.0
AA_5d2c0d0d-94a3-4cd,idwrd_urd,40,50,10,46.0,50.0,59,5.0,1.0
AA_5d2c0d0d-94a3-4cd,orf_urd,41,60,2,59.0,60.0,62,5.0,0.9
AA_5d2c0d0d-94a3-4cd,letterid_eng,58,97,67,99.0,100.0,164,5.0,1.0
AA_5d2c0d0d-94a3-4cd,pw_eng,3,30,0,0.0,5.0,5,5.0,1.0
AA_5d2c0d0d-94a3-4cd,idwrd_eng,19,49,0,44.0,50.0,44,5.0,1.0
AA_5d2c0d0d-94a3-4cd,orf_eng,5,59,0,1.0,6.0,8,5.0,0.9
AA_2318428a-ea25-4cf,letterid_urd,0,78,0,0.0,5.0,35,1.0,0.9
AA_2318428a-ea25-4cf,idwrd_urd,1,50,0,0.0,5.0,19,1.0,0.9
AA_2318428a-ea25-4cf,orf_urd,1,60,0,0.0,5.0,29,1.0,0.9
AA_2318428a-ea25-4cf,letterid_eng,0,97,0,30.0,32.0,42,1.0,0.9
AA_2318428a-ea25-4cf,pw_eng,4,30,9,0.0,5.0,39,1.0,0.7
AA_2318428a-ea25-4cf,idwrd_eng,3,49,144,0.0,5.0,193,1.0,0.8
AA_2318428a-ea25-4cf,orf_eng,0,59,0,0.0,5.0,5,1.0,0.9
AA_12d53cb2-6597-40c,letterid_urd,0,78,0,37.0,42.0,45,4.0,0.9
AA_12d53cb2-6597-40c,idwrd_urd,5,50,26,35.0,35.0,76,4.0,0.95
AA_12d53cb2-6597-40c,orf_urd,14,60,20,57.0,60.0,80,4.0,0.95
AA_12d53cb2-6597-40c,letterid_eng,4,89,0,46.0,46.0,33,4.0,0.9
AA_12d53cb2-6597-40c,pw_eng,0,30,0,32.0,40.0,28,4.0,0.85
AA_12d53cb2-6597-40c,idwrd_eng,9,49,76,35.0,37.0,124,4.0,0.9
AA_f9d06535-01d9-432,idwrd_urd,2,50,83,35.0,47.0,133,3.0,0.7
AA_f9d06535-01d9-432,letterid_eng,2,97,0,84.0,84.0,57,3.0,0.6
AA_048cadbc-2c10-416,orf_urd,0,60,0,0.0,5.0,40,5.0,0.8
AA_048cadbc-2c10-416,idwrd_urd,1,50,9,5.0,15.0,59,5.0,0.9
AA_048cadbc-2c10-416,orf_eng,5,59,0,0.0,5.0,52,5.0,0.8
AA_048cadbc-2c10-416,pw_eng,2,3,0,0.0,5.0,2,5.0,0.9
AA_048cadbc-2c10-416,idwrd_eng,1,49,0,1.0,10.0,7,5.0,0.9
AA_f3176f60-2162-435,letterid_urd,0,78,0,58.0,58.0,5,1.0,0.8
AA_f3176f60-2162-435,idwrd_urd,2,50,0,0.0,5.0,8,1.0,1.0
AA_f3176f60-2162-435,orf_urd,1,60,0,0.0,14.0,4,1.0,1.0
AA_f3176f60-2162-435,idwrd_eng,1,49,0,0.0,5.0,6,1.0,0.9
AA_f3176f60-2162-435,pw_eng,0,30,0,0.0,5.0,17,1.0,0.9
AA_f3176f60-2162-435,orf_eng,4,59,0,0.0,5.0,18,1.0,1.0
AA_b20398e6-b319-4ad,letterid_urd,9,78,0,55.0,57.0,60,4.0,0.9
AA_b20398e6-b319-4ad,idwrd_urd,3,50,0,8.0,15.0,45,4.0,1.0
AA_b20398e6-b319-4ad,orf_urd,26,60,10,48.0,57.0,67,4.0,1.0
AA_b20398e6-b319-4ad,letterid_eng,56,97,3,86.0,86.0,86,4.0,1.0
AA_b20398e6-b319-4ad,pw_eng,5,30,192,9.0,15.0,222,4.0,1.0
AA_b20398e6-b319-4ad,idwrd_eng,8,49,0,9.0,18.0,27,4.0,1.0
AA_b20398e6-b319-4ad,orf_eng,7,59,0,17.0,25.0,36,4.0,1.0
AA_0d47b184-8f04-431,letterid_urd,12,78,36,100.0,100.0,114,5.0,0.95
AA_0d47b184-8f04-431,idwrd_urd,32,50,3,49.0,50.0,52,5.0,0.95
AA_0d47b184-8f04-431,orf_urd,33,60,4,60.0,60.0,62,5.0,0.95
AA_0d47b184-8f04-431,letterid_eng,49,97,37,99.0,100.0,132,5.0,0.95
AA_0d47b184-8f04-431,pw_eng,4,30,23,33.0,39.0,52,5.0,0.85
AA_0d47b184-8f04-431,idwrd_eng,28,49,5,47.0,49.0,53,5.0,0.9
AA_0d47b184-8f04-431,orf_eng,13,59,8,60.0,60.0,49,5.0,0.95
AA_f23c9f69-858b-47c,letterid_urd,5,78,0,48.0,51.0,44,2.0,0.9
AA_f23c9f69-858b-47c,idwrd_urd,2,50,79,8.0,12.0,129,2.0,0.7
AA_f23c9f69-858b-47c,orf_urd,0,60,0,0.0,5.0,58,2.0,0.8
AA_f23c9f69-858b-47c,letterid_eng,52,97,2,64.0,68.0,89,2.0,0.9
AA_f23c9f69-858b-47c,pw_eng,0,30,0,0.0,5.0,30,2.0,0.9
AA_f23c9f69-858b-47c,idwrd_eng,0,49,6,0.0,5.0,55,2.0,0.7
AA_069e0b43-ec7e-41f,letterid_urd,2,78,0,29.0,39.0,51,3.0,1.0
AA_5536eaa7-896f-423,letterid_urd,9,78,0,67.0,69.0,54,5.0,0.8
AA_5536eaa7-896f-423,idwrd_urd,46,50,0,49.0,50.0,50,5.0,1.0
AA_5536eaa7-896f-423,orf_urd,42,60,0,60.0,60.0,60,5.0,1.0
AA_5536eaa7-896f-423,letterid_eng,7,97,0,100.0,100.0,11,5.0,1.0
AA_5536eaa7-896f-423,pw_eng,3,30,81,44.0,50.0,111,5.0,0.9
AA_5536eaa7-896f-423,idwrd_eng,38,49,1,49.0,50.0,49,5.0,1.0
AA_5536eaa7-896f-423,orf_eng,51,59,3,58.0,60.0,62,5.0,1.0
AA_1b71e9b9-d0ef-470,idwrd_urd,1,50,0,0.0,5.0,3,1.0,0.9
AA_1b71e9b9-d0ef-470,orf_urd,5,60,93,,,153,1.0,0.8
AA_1b71e9b9-d0ef-470,letterid_eng,29,97,0,68.0,68.0,62,1.0,1.0
AA_1b71e9b9-d0ef-470,pw_eng,0,30,0,0.0,5.0,19,1.0,0.9
AA_1b71e9b9-d0ef-470,orf_eng,6,59,0,0.0,5.0,24,1.0,0.9
AA_1bb7fdea-6bc2-422,letterid_urd,7,78,0,12.0,28.0,26,1.0,0.9
AA_1bb7fdea-6bc2-422,idwrd_urd,0,50,0,1.0,6.0,26,1.0,0.8
AA_1bb7fdea-6bc2-422,letterid_eng,24,97,37,13.0,31.0,134,1.0,0.95
AA_f7082921-2c6b-414,letterid_urd,4,78,0,12.0,20.0,35,1.0,0.9
AA_f7082921-2c6b-414,idwrd_urd,1,42,0,0.0,5.0,7,1.0,0.9
AA_f7082921-2c6b-414,letterid_eng,40,92,0,49.0,52.0,52,1.0,0.95
AA_f7082921-2c6b-414,pw_eng,0,30,0,0.0,5.0,14,1.0,0.95
AA_f7082921-2c6b-414,idwrd_eng,0,49,0,0.0,5.0,1,1.0,0.9
AA_b7acd1f0-8ee8-404,idwrd_urd,1,50,0,0.0,5.0,11,1.0,0.7
AA_b7acd1f0-8ee8-404,letterid_eng,37,97,0,75.0,76.0,54,1.0,1.0
AA_b7acd1f0-8ee8-404,idwrd_eng,7,49,0,0.0,5.0,43,1.0,0.7
AA_b7acd1f0-8ee8-404,orf_eng,6,59,0,0.0,5.0,20,1.0,0.7
AA_731980f2-fda7-482,letterid_urd,5,78,0,27.0,31.0,31,1.0,0.9
AA_731980f2-fda7-482,idwrd_urd,0,50,0,0.0,5.0,38,1.0,0.9
AA_731980f2-fda7-482,letterid_eng,42,97,2,53.0,55.0,69,1.0,1.0
AA_731980f2-fda7-482,pw_eng,4,30,6,0.0,5.0,35,1.0,0.6
AA_731980f2-fda7-482,orf_eng,1,59,0,0.0,5.0,38,1.0,0.6
AA_cae1bdae-bf19-4d7,idwrd_urd,0,50,0,1.0,5.0,48,1.0,0.9
AA_cae1bdae-bf19-4d7,letterid_eng,37,97,127,14.0,30.0,224,1.0,0.9
AA_cae1bdae-bf19-4d7,pw_eng,0,30,0,1.0,5.0,9,1.0,0.5
AA_cae1bdae-bf19-4d7,idwrd_eng,5,49,163,1.0,5.0,212,1.0,0.9
AA_a5440eb3-5034-413,letterid_urd,10,78,3,80.0,81.0,81,5.0,0.9
AA_a5440eb3-5034-413,idwrd_urd,28,50,0,42.0,50.0,43,5.0,0.9
AA_a5440eb3-5034-413,orf_urd,25,60,1,53.0,60.0,59,5.0,0.9
AA_a5440eb3-5034-413,letterid_eng,71,97,8,96.0,96.0,101,5.0,0.9
AA_a5440eb3-5034-413,pw_eng,3,30,2,36.0,49.0,30,5.0,0.9
AA_a5440eb3-5034-413,idwrd_eng,27,49,1,47.0,50.0,49,5.0,0.9
AA_a5440eb3-5034-413,orf_eng,43,59,1,54.0,60.0,54,5.0,0.9
AA_2296af89-8918-432,letterid_urd,1,78,0,26.0,31.0,60,1.0,0.8
AA_2296af89-8918-432,idwrd_urd,0,50,0,1.0,6.0,44,1.0,0.8
AA_2296af89-8918-432,letterid_eng,38,97,0,50.0,51.0,53,1.0,0.95
AA_2296af89-8918-432,pw_eng,5,30,0,1.0,6.0,30,1.0,0.6
AA_ceea038f-3411-4c4,letterid_urd,9,78,1,100.0,100.0,79,5.0,0.9
AA_ceea038f-3411-4c4,idwrd_urd,41,50,1,48.0,50.0,51,5.0,0.9
AA_ceea038f-3411-4c4,orf_urd,43,60,1,60.0,60.0,61,5.0,0.9
AA_ceea038f-3411-4c4,letterid_eng,50,97,20,100.0,100.0,116,5.0,0.9
AA_ceea038f-3411-4c4,pw_eng,4,30,21,40.0,50.0,50,5.0,0.9
AA_ceea038f-3411-4c4,idwrd_eng,27,49,2,49.0,49.0,37,5.0,0.9
AA_ceea038f-3411-4c4,orf_eng,43,59,0,55.0,60.0,52,5.0,0.9
AA_a17b3477-e1fc-411,letterid_urd,0,78,33,56.0,59.0,111,5.0,0.9
AA_a17b3477-e1fc-411,idwrd_urd,41,50,0,49.0,50.0,49,5.0,0.9
AA_a17b3477-e1fc-411,orf_urd,39,60,1,58.0,60.0,60,5.0,0.9
AA_a17b3477-e1fc-411,letterid_eng,67,97,62,99.0,100.0,155,5.0,0.9
AA_a17b3477-e1fc-411,pw_eng,0,30,130,20.0,21.0,160,5.0,0.8
AA_a17b3477-e1fc-411,idwrd_eng,1,49,178,19.0,22.0,227,5.0,0.8
AA_a17b3477-e1fc-411,orf_eng,7,59,0,30.0,34.0,37,5.0,0.7
AA_dd56a505-4ac7-4d1,letterid_urd,15,78,9,30.0,36.0,75,2.0,1.0
AA_dd56a505-4ac7-4d1,idwrd_urd,0,50,0,0.0,5.0,35,2.0,1.0
AA_dd56a505-4ac7-4d1,orf_urd,15,60,6,17.0,26.0,39,2.0,1.0
AA_dd56a505-4ac7-4d1,letterid_eng,39,97,31,29.0,34.0,128,2.0,1.0
AA_dd56a505-4ac7-4d1,pw_eng,0,30,8,0.0,5.0,38,2.0,0.7
AA_e87962ab-1398-4ca,letterid_urd,8,78,0,20.0,25.0,52,2.0,0.9
AA_e87962ab-1398-4ca,idwrd_urd,0,50,0,4.0,14.0,20,2.0,1.0
AA_e87962ab-1398-4ca,orf_urd,0,60,11,5.0,12.0,71,2.0,1.0
AA_e87962ab-1398-4ca,letterid_eng,58,97,2,77.0,77.0,76,2.0,1.0
AA_e87962ab-1398-4ca,pw_eng,0,30,0,0.0,5.0,7,2.0,0.9
AA_e87962ab-1398-4ca,idwrd_eng,6,49,131,9.0,17.0,179,2.0,1.0
AA_e87962ab-1398-4ca,orf_eng,0,59,63,0.0,5.0,122,2.0,1.0
AA_b4c70664-f41f-4d8,letterid_urd,1,78,0,17.0,25.0,41,1.0,0.6
AA_b4c70664-f41f-4d8,idwrd_urd,0,50,18,0.0,5.0,68,1.0,0.6
AA_b4c70664-f41f-4d8,letterid_eng,19,97,0,25.0,45.0,58,1.0,0.9
AA_b4c70664-f41f-4d8,pw_eng,0,30,138,0.0,5.0,168,1.0,0.8
AA_2961fac7-aa9a-4de,letterid_urd,0,78,0,33.0,41.0,67,1.0,1.0
AA_2961fac7-aa9a-4de,idwrd_urd,0,50,0,16.0,21.0,12,1.0,1.0
AA_2961fac7-aa9a-4de,orf_urd,1,60,0,0.0,5.0,3,1.0,1.0
AA_2961fac7-aa9a-4de,letterid_eng,40,97,2,48.0,50.0,57,1.0,1.0
AA_2961fac7-aa9a-4de,pw_eng,0,30,0,0.0,5.0,13,1.0,1.0
AA_2961fac7-aa9a-4de,orf_eng,5,59,0,0.0,5.0,13,1.0,1.0
AA_7e464fe2-5d7c-408,letterid_urd,7,78,2,94.0,100.0,66,3.0,0.9
AA_7e464fe2-5d7c-408,idwrd_urd,0,50,0,1.0,6.0,44,3.0,0.4
AA_7e464fe2-5d7c-408,letterid_eng,15,97,0,100.0,100.0,49,3.0,0.6
AA_27cc721a-0d76-42a,idwrd_urd,0,50,30,1.0,7.0,80,1.0,0.5
AA_27cc721a-0d76-42a,orf_urd,2,60,0,0.0,6.0,31,1.0,0.5
AA_92bdf696-3742-41e,letterid_urd,16,78,7,100.0,100.0,85,2.0,0.9
AA_92bdf696-3742-41e,idwrd_urd,14,38,8,30.0,40.0,44,2.0,0.9
AA_92bdf696-3742-41e,orf_urd,0,60,0,3.0,55.0,49,2.0,0.9
AA_92bdf696-3742-41e,letterid_eng,27,97,0,51.0,52.0,84,2.0,0.9
AA_92bdf696-3742-41e,pw_eng,0,30,0,0.0,5.0,3,2.0,0.7
AA_92bdf696-3742-41e,idwrd_eng,1,49,0,20.0,25.0,23,2.0,0.7
AA_6d4a8671-522e-4cc,letterid_urd,9,78,6,60.0,60.0,79,3.0,0.9
AA_6d4a8671-522e-4cc,idwrd_urd,4,50,15,19.0,20.0,65,3.0,0.8
AA_6d4a8671-522e-4cc,orf_urd,3,60,25,31.0,33.0,85,3.0,0.9
AA_6d4a8671-522e-4cc,letterid_eng,56,97,128,98.0,99.0,224,3.0,0.9
AA_6d4a8671-522e-4cc,orf_eng,27,59,2,52.0,59.0,39,3.0,0.8
AA_284e5d4b-0271-4ce,letterid_urd,33,73,2,70.0,74.0,75,5.0,0.9
AA_284e5d4b-0271-4ce,idwrd_urd,35,50,42,47.0,50.0,92,5.0,0.9
AA_284e5d4b-0271-4ce,orf_urd,38,60,4,56.0,60.0,64,5.0,0.9
AA_284e5d4b-0271-4ce,letterid_eng,83,97,12,100.0,100.0,105,5.0,0.9
AA_284e5d4b-0271-4ce,pw_eng,0,30,0,0.0,5.0,6,5.0,0.7
AA_284e5d4b-0271-4ce,idwrd_eng,30,49,3,38.0,46.0,46,5.0,0.9
AA_284e5d4b-0271-4ce,orf_eng,39,58,1,40.0,53.0,58,5.0,0.9
AA_df7b47e1-1bc3-45c,letterid_urd,4,78,0,52.0,54.0,62,5.0,1.0
AA_df7b47e1-1bc3-45c,idwrd_urd,34,50,3,48.0,50.0,53,5.0,1.0
AA_df7b47e1-1bc3-45c,orf_urd,42,60,0,60.0,60.0,60,5.0,1.0
AA_df7b47e1-1bc3-45c,letterid_eng,59,97,72,84.0,85.0,164,5.0,1.0
AA_df7b47e1-1bc3-45c,pw_eng,0,30,0,35.0,37.0,19,5.0,0.9
AA_df7b47e1-1bc3-45c,idwrd_eng,22,49,2,42.0,50.0,48,5.0,1.0
AA_df7b47e1-1bc3-45c,orf_eng,44,51,4,53.0,57.0,54,5.0,1.0
AA_a2bda34a-2d3a-439,letterid_urd,0,78,0,35.0,38.0,76,5.0,0.8
AA_a2bda34a-2d3a-439,orf_urd,16,60,2,60.0,60.0,38,5.0,0.9
AA_a2bda34a-2d3a-439,letterid_eng,45,97,126,100.0,100.0,223,5.0,1.0
AA_a2bda34a-2d3a-439,pw_eng,0,30,168,0.0,5.0,198,5.0,0.8
AA_a2bda34a-2d3a-439,idwrd_eng,12,49,0,49.0,50.0,17,5.0,1.0
AA_a2bda34a-2d3a-439,orf_eng,1,59,0,56.0,60.0,18,5.0,0.9
AA_d499cff8-38a9-4eb,letterid_urd,18,78,12,71.0,71.0,85,5.0,0.95
AA_d499cff8-38a9-4eb,idwrd_urd,45,50,0,50.0,50.0,50,5.0,0.95
AA_d499cff8-38a9-4eb,orf_urd,43,60,0,60.0,60.0,60,5.0,0.95
AA_d499cff8-38a9-4eb,letterid_eng,51,97,44,99.0,100.0,140,5.0,0.95
AA_d499cff8-38a9-4eb,pw_eng,2,30,21,50.0,50.0,51,5.0,0.95
AA_d499cff8-38a9-4eb,idwrd_eng,43,49,2,49.0,50.0,50,5.0,0.95
AA_d499cff8-38a9-4eb,orf_eng,58,59,2,60.0,60.0,60,5.0,0.95
AA_5f48be27-6ed5-42e,letterid_urd,3,78,0,80.0,80.0,29,5.0,1.0
AA_5f48be27-6ed5-42e,idwrd_urd,0,50,0,5.0,9.0,27,5.0,0.8
AA_5f48be27-6ed5-42e,orf_urd,0,60,0,58.0,60.0,4,5.0,0.6
AA_1d938bbd-776b-4b6,letterid_urd,4,78,0,55.0,55.0,69,3.0,0.9
AA_1d938bbd-776b-4b6,idwrd_urd,46,50,1,50.0,50.0,51,3.0,0.9
AA_1d938bbd-776b-4b6,orf_urd,43,60,0,60.0,60.0,59,3.0,0.9
AA_1d938bbd-776b-4b6,letterid_eng,67,97,64,100.0,100.0,159,3.0,0.9
AA_1d938bbd-776b-4b6,pw_eng,3,30,97,50.0,50.0,127,3.0,0.8
AA_1d938bbd-776b-4b6,idwrd_eng,7,49,0,50.0,50.0,15,3.0,0.9
AA_1d938bbd-776b-4b6,orf_eng,44,59,3,60.0,60.0,59,3.0,0.9
AA_51a660bb-7db5-4a2,idwrd_urd,5,50,0,0.0,5.0,16,3.0,0.9
AA_51a660bb-7db5-4a2,orf_urd,34,60,6,11.0,60.0,66,3.0,0.9
AA_51a660bb-7db5-4a2,pw_eng,0,30,17,0.0,5.0,47,3.0,0.7
AA_51a660bb-7db5-4a2,letterid_eng,57,97,124,88.0,89.0,218,3.0,0.9
AA_51a660bb-7db5-4a2,idwrd_eng,30,49,27,16.0,22.0,74,3.0,0.8
AA_51a660bb-7db5-4a2,orf_eng,15,59,0,0.0,5.0,32,3.0,0.7
AA_398f7981-c4b7-4fd,letterid_urd,1,78,6,36.0,41.0,84,2.0,1.0
AA_398f7981-c4b7-4fd,idwrd_urd,1,50,25,8.0,13.0,75,2.0,0.9
AA_398f7981-c4b7-4fd,orf_urd,1,60,0,7.0,10.0,50,2.0,1.0
AA_398f7981-c4b7-4fd,letterid_eng,55,97,1,70.0,70.0,74,2.0,0.9
AA_398f7981-c4b7-4fd,idwrd_eng,0,49,92,8.0,12.0,141,2.0,0.9
AA_398f7981-c4b7-4fd,orf_eng,2,59,0,0.0,5.0,25,2.0,1.0
AA_bf842fbd-d0b6-48f,letterid_urd,0,78,81,1.0,1.0,159,2.0,0.8
AA_bf842fbd-d0b6-48f,idwrd_urd,3,50,55,7.0,8.0,105,2.0,0.8
AA_bf842fbd-d0b6-48f,orf_urd,2,60,67,12.0,13.0,127,2.0,0.9
AA_bf842fbd-d0b6-48f,letterid_eng,45,97,4,64.0,66.0,68,2.0,1.0
AA_bf842fbd-d0b6-48f,pw_eng,5,30,71,38.0,50.0,101,2.0,0.9
AA_bf842fbd-d0b6-48f,idwrd_eng,5,49,176,11.0,15.0,225,2.0,0.9
AA_bf842fbd-d0b6-48f,orf_eng,3,59,99,0.0,5.0,158,2.0,1.0
AA_35367e51-cc29-4df,letterid_urd,10,78,0,80.0,83.0,71,3.0,1.0
AA_35367e51-cc29-4df,idwrd_urd,0,50,0,40.0,50.0,41,3.0,0.9
AA_35367e51-cc29-4df,orf_urd,0,60,0,18.0,26.0,55,3.0,1.0
AA_35367e51-cc29-4df,letterid_eng,74,97,73,92.0,92.0,168,3.0,1.0
AA_35367e51-cc29-4df,pw_eng,4,30,113,13.0,19.0,143,3.0,1.0
AA_35367e51-cc29-4df,idwrd_eng,7,49,33,13.0,19.0,82,3.0,1.0
AA_35367e51-cc29-4df,orf_eng,6,59,26,17.0,24.0,85,3.0,1.0
AA_e323a748-9ded-40c,letterid_urd,6,78,0,52.0,52.0,59,4.0,0.9
AA_e323a748-9ded-40c,idwrd_urd,41,49,6,48.0,50.0,55,4.0,1.0
AA_e323a748-9ded-40c,orf_urd,41,60,1,60.0,60.0,59,4.0,1.0
AA_e323a748-9ded-40c,letterid_eng,71,97,4,96.0,97.0,89,4.0,1.0
AA_e323a748-9ded-40c,pw_eng,2,30,43,47.0,50.0,73,4.0,0.8
AA_e323a748-9ded-40c,idwrd_eng,36,49,2,45.0,50.0,49,4.0,1.0
AA_e323a748-9ded-40c,orf_eng,12,59,0,55.0,60.0,30,4.0,1.0
AA_7e082938-042e-46a,letterid_urd,4,78,14,81.0,81.0,92,5.0,0.9
AA_7e082938-042e-46a,idwrd_urd,42,50,2,49.0,50.0,52,5.0,1.0
AA_7e082938-042e-46a,orf_urd,42,60,0,59.0,60.0,60,5.0,1.0
AA_7e082938-042e-46a,letterid_eng,38,97,122,99.0,100.0,219,5.0,1.0
AA_7e082938-042e-46a,pw_eng,4,5,0,0.0,5.0,4,5.0,0.9
AA_7e082938-042e-46a,idwrd_eng,1,49,0,50.0,50.0,13,5.0,1.0
AA_7e082938-042e-46a,orf_eng,6,59,0,52.0,60.0,23,5.0,0.5
AA_8e03896a-2912-496,letterid_urd,2,78,77,58.0,60.0,155,3.0,1.0
AA_8e03896a-2912-496,idwrd_urd,15,50,0,33.0,41.0,23,3.0,1.0
AA_8e03896a-2912-496,orf_urd,19,60,8,55.0,60.0,66,3.0,1.0
AA_8e03896a-2912-496,letterid_eng,58,90,8,66.0,68.0,75,3.0,1.0
AA_8e03896a-2912-496,pw_eng,4,5,0,0.0,5.0,4,3.0,0.9
AA_8e03896a-2912-496,idwrd_eng,0,49,98,3.0,15.0,147,3.0,1.0
AA_8e03896a-2912-496,orf_eng,3,59,0,0.0,5.0,12,3.0,1.0
AA_5d26dbc5-d348-4c6,letterid_urd,7,78,4,100.0,100.0,82,5.0,0.95
AA_5d26dbc5-d348-4c6,idwrd_urd,13,50,1,50.0,50.0,51,5.0,0.95
AA_5d26dbc5-d348-4c6,orf_urd,29,60,3,60.0,60.0,63,5.0,0.9
AA_5d26dbc5-d348-4c6,letterid_eng,28,97,25,100.0,100.0,121,5.0,0.95
AA_5d26dbc5-d348-4c6,pw_eng,0,30,0,50.0,50.0,18,5.0,0.95
AA_5d26dbc5-d348-4c6,idwrd_eng,13,49,0,50.0,50.0,39,5.0,0.95
AA_5d26dbc5-d348-4c6,orf_eng,27,59,2,60.0,60.0,60,5.0,0.95
AA_30410594-6fd6-468,letterid_urd,1,78,73,2.0,6.0,151,1.0,0.8
AA_30410594-6fd6-468,letterid_eng,15,97,0,2.0,30.0,34,1.0,1.0
AA_3a4a571d-875c-4bb,letterid_urd,9,78,1,58.0,60.0,77,5.0,0.9
AA_3a4a571d-875c-4bb,idwrd_urd,22,50,2,24.0,32.0,36,5.0,0.8
AA_3a4a571d-875c-4bb,orf_urd,27,49,3,38.0,46.0,52,5.0,0.9
AA_3a4a571d-875c-4bb,letterid_eng,59,97,9,81.0,81.0,91,5.0,0.9
AA_3a4a571d-875c-4bb,pw_eng,5,30,8,8.0,25.0,38,5.0,0.9
AA_3a4a571d-875c-4bb,idwrd_eng,10,49,77,25.0,29.0,125,5.0,0.8
AA_3a4a571d-875c-4bb,orf_eng,19,30,1,17.0,22.0,25,5.0,0.8
AA_2d306c3b-928f-478,letterid_urd,9,78,0,46.0,48.0,64,3.0,1.0
AA_2d306c3b-928f-478,idwrd_urd,0,50,0,13.0,20.0,49,3.0,0.9
AA_2d306c3b-928f-478,orf_urd,0,60,0,20.0,26.0,49,3.0,1.0
AA_2d306c3b-928f-478,letterid_eng,53,71,2,72.0,73.0,73,3.0,1.0
AA_2d306c3b-928f-478,pw_eng,0,30,0,0.0,5.0,7,3.0,1.0
AA_2d306c3b-928f-478,idwrd_eng,10,49,1,12.0,19.0,21,3.0,0.9
AA_0f412e35-93b8-4b7,letterid_urd,10,78,1,65.0,75.0,79,2.0,0.9
AA_0f412e35-93b8-4b7,idwrd_urd,3,50,5,24.0,35.0,55,2.0,0.9
AA_0f412e35-93b8-4b7,orf_urd,26,60,18,51.0,60.0,73,2.0,0.9
AA_0f412e35-93b8-4b7,letterid_eng,57,97,131,90.0,92.0,228,2.0,0.9
AA_0f412e35-93b8-4b7,pw_eng,4,30,0,0.0,5.0,8,2.0,0.8
AA_0f412e35-93b8-4b7,idwrd_eng,10,49,0,24.0,30.0,27,2.0,0.8
AA_0f412e35-93b8-4b7,orf_eng,5,59,0,0.0,5.0,12,2.0,0.8
AA_d2b6e70c-b3fd-4bd,letterid_urd,0,78,0,1.0,8.0,34,2.0,0.9
AA_d2b6e70c-b3fd-4bd,idwrd_urd,0,50,0,0.0,5.0,3,2.0,0.9
AA_d2b6e70c-b3fd-4bd,orf_urd,0,60,0,0.0,5.0,6,2.0,0.9
AA_d2b6e70c-b3fd-4bd,letterid_eng,18,91,0,16.0,27.0,36,2.0,1.0
AA_d2b6e70c-b3fd-4bd,pw_eng,0,30,0,0.0,5.0,13,2.0,0.8
AA_d2b6e70c-b3fd-4bd,idwrd_eng,2,49,0,0.0,5.0,13,2.0,0.9
AA_d2b6e70c-b3fd-4bd,orf_eng,1,59,0,0.0,5.0,3,2.0,0.9
AA_7f61eb3f-65c7-4fd,letterid_urd,7,78,1,71.0,77.0,74,2.0,1.0
AA_7f61eb3f-65c7-4fd,idwrd_urd,3,50,32,14.0,21.0,82,2.0,1.0
AA_7f61eb3f-65c7-4fd,orf_urd,0,60,0,0.0,5.0,14,2.0,0.9
AA_7f61eb3f-65c7-4fd,letterid_eng,62,97,10,79.0,80.0,90,2.0,1.0
AA_7f61eb3f-65c7-4fd,pw_eng,0,30,0,0.0,5.0,21,2.0,0.9
AA_7f61eb3f-65c7-4fd,idwrd_eng,6,49,101,25.0,36.0,149,2.0,1.0
AA_a8f5a4cb-8b11-426,letterid_urd,0,78,0,49.0,82.0,10,2.0,0.8
AA_a8f5a4cb-8b11-426,idwrd_urd,13,50,1,18.0,28.0,42,2.0,0.9
AA_a8f5a4cb-8b11-426,orf_urd,7,27,1,1.0,1.0,28,2.0,1.0
AA_a8f5a4cb-8b11-426,letterid_eng,31,97,2,96.0,99.0,86,2.0,1.0
AA_a8f5a4cb-8b11-426,pw_eng,0,30,0,0.0,50.0,26,2.0,0.6
AA_a8f5a4cb-8b11-426,idwrd_eng,13,49,0,29.0,41.0,42,2.0,1.0
AA_a8f5a4cb-8b11-426,orf_eng,4,59,0,6.0,60.0,11,2.0,1.0
AA_7a35917e-6b9d-418,letterid_urd,4,78,0,18.0,36.0,43,2.0,1.0
AA_7a35917e-6b9d-418,idwrd_urd,0,50,0,1.0,6.0,23,2.0,0.8
AA_7a35917e-6b9d-418,letterid_eng,32,97,34,28.0,32.0,131,2.0,1.0
AA_19062548-6352-45b,orf_urd,0,60,0,32.0,39.0,24,2.0,0.8
AA_19062548-6352-45b,letterid_eng,40,97,65,84.0,85.0,161,2.0,1.0
AA_19062548-6352-45b,idwrd_eng,0,49,0,25.0,42.0,28,2.0,0.8
AA_8d152f25-5b3e-4b3,letterid_urd,5,78,21,90.0,91.0,99,3.0,1.0
AA_8d152f25-5b3e-4b3,idwrd_urd,13,50,20,25.0,28.0,70,3.0,1.0
AA_8d152f25-5b3e-4b3,orf_urd,5,60,15,58.0,60.0,75,3.0,1.0
AA_8d152f25-5b3e-4b3,letterid_eng,61,97,125,77.0,77.0,222,3.0,0.7
AA_f9c6d56f-7ca9-4ff,letterid_urd,7,78,32,100.0,100.0,110,5.0,1.0
AA_f9c6d56f-7ca9-4ff,idwrd_urd,45,50,0,49.0,50.0,50,5.0,1.0
AA_f9c6d56f-7ca9-4ff,orf_urd,43,60,1,60.0,60.0,61,5.0,1.0
AA_f9c6d56f-7ca9-4ff,letterid_eng,84,97,8,100.0,100.0,103,5.0,1.0
AA_f9c6d56f-7ca9-4ff,pw_eng,4,30,35,49.0,50.0,64,5.0,1.0
AA_f9c6d56f-7ca9-4ff,idwrd_eng,37,49,2,48.0,50.0,44,5.0,1.0
AA_f9c6d56f-7ca9-4ff,orf_eng,41,59,2,57.0,60.0,47,5.0,1.0
AA_977bf4d2-d71d-42b,letterid_urd,3,78,29,71.0,72.0,107,5.0,0.9
AA_977bf4d2-d71d-42b,idwrd_urd,26,50,10,45.0,50.0,59,5.0,0.9
AA_977bf4d2-d71d-42b,orf_urd,40,60,0,57.0,60.0,60,5.0,0.9
AA_977bf4d2-d71d-42b,letterid_eng,51,97,49,100.0,100.0,143,5.0,0.9
AA_977bf4d2-d71d-42b,pw_eng,0,30,142,34.0,44.0,172,5.0,0.7
AA_977bf4d2-d71d-42b,idwrd_eng,1,49,0,42.0,50.0,14,5.0,0.9
AA_977bf4d2-d71d-42b,orf_eng,6,59,0,51.0,60.0,25,5.0,0.8
AA_55913fb1-5a12-42a,letterid_urd,10,78,34,100.0,100.0,112,3.0,0.9
AA_55913fb1-5a12-42a,pw_eng,5,30,4,32.0,35.0,34,3.0,0.6
AA_55913fb1-5a12-42a,idwrd_eng,15,49,1,50.0,50.0,35,3.0,0.5
AA_55913fb1-5a12-42a,orf_eng,28,59,0,57.0,60.0,46,3.0,0.5
AA_6f02809d-d960-4d3,orf_urd,36,53,13,58.0,60.0,66,4.0,0.7
AA_6f02809d-d960-4d3,letterid_eng,47,97,22,99.0,100.0,117,4.0,0.9
AA_6f02809d-d960-4d3,idwrd_eng,0,49,74,43.0,46.0,123,4.0,0.9
AA_6f02809d-d960-4d3,pw_eng,0,30,37,44.0,46.0,67,4.0,0.8
AA_b041c30a-d404-49f,letterid_urd,3,74,0,30.0,41.0,29,2.0,0.9
AA_b041c30a-d404-49f,idwrd_urd,0,50,0,0.0,5.0,20,2.0,0.9
AA_b041c30a-d404-49f,orf_urd,0,60,0,0.0,5.0,13,2.0,0.9
AA_b041c30a-d404-49f,letterid_eng,29,97,0,26.0,36.0,40,2.0,0.9
AA_b041c30a-d404-49f,pw_eng,0,30,0,1.0,5.0,13,2.0,0.9
AA_b041c30a-d404-49f,idwrd_eng,0,49,0,1.0,5.0,16,2.0,0.9
AA_b041c30a-d404-49f,orf_eng,1,59,0,0.0,5.0,11,2.0,0.9
AA_52be51a8-a34a-4d0,letterid_urd,3,78,0,92.0,100.0,77,2.0,0.9
AA_52be51a8-a34a-4d0,idwrd_urd,0,50,0,43.0,50.0,43,2.0,0.9
AA_52be51a8-a34a-4d0,orf_urd,0,60,0,0.0,6.0,28,2.0,0.9
AA_52be51a8-a34a-4d0,letterid_eng,59,97,63,98.0,100.0,153,2.0,0.9
AA_52be51a8-a34a-4d0,pw_eng,0,30,96,43.0,50.0,126,2.0,0.9
AA_52be51a8-a34a-4d0,idwrd_eng,0,49,89,30.0,50.0,138,2.0,0.9
AA_52be51a8-a34a-4d0,orf_eng,3,59,72,54.0,60.0,131,2.0,0.6
AA_ab58d9ce-9e25-42f,letterid_urd,6,78,26,93.0,93.0,104,3.0,0.95
AA_ab58d9ce-9e25-42f,idwrd_urd,30,50,2,38.0,50.0,46,3.0,0.95
AA_ab58d9ce-9e25-42f,orf_urd,24,60,1,45.0,60.0,53,3.0,0.95
AA_ab58d9ce-9e25-42f,letterid_eng,68,97,13,94.0,96.0,106,3.0,0.95
AA_ab58d9ce-9e25-42f,idwrd_eng,12,49,0,22.0,40.0,34,3.0,0.9
AA_3815999e-d698-486,letterid_urd,3,78,0,15.0,15.0,54,2.0,1.0
AA_3815999e-d698-486,idwrd_urd,0,50,0,0.0,5.0,17,2.0,0.7
AA_3815999e-d698-486,letterid_eng,33,97,128,87.0,88.0,224,2.0,1.0
AA_3815999e-d698-486,pw_eng,0,30,34,9.0,15.0,64,2.0,0.6
AA_3815999e-d698-486,idwrd_eng,1,49,173,0.0,5.0,222,2.0,1.0
AA_3815999e-d698-486,orf_eng,0,59,0,0.0,5.0,6,2.0,1.0
AA_422a2830-a7ac-4b4,letterid_urd,10,78,43,99.0,100.0,121,5.0,1.0
AA_422a2830-a7ac-4b4,idwrd_urd,45,50,3,48.0,50.0,53,5.0,0.9
AA_422a2830-a7ac-4b4,orf_urd,43,60,4,59.0,60.0,64,5.0,0.8
AA_422a2830-a7ac-4b4,letterid_eng,75,97,59,100.0,100.0,153,5.0,1.0
AA_422a2830-a7ac-4b4,idwrd_eng,0,49,0,50.0,50.0,39,5.0,0.9
AA_422a2830-a7ac-4b4,orf_eng,58,59,2,60.0,60.0,61,5.0,0.9
AA_54566619-3293-4dd,letterid_urd,0,78,0,18.0,21.0,6,1.0,0.7
AA_54566619-3293-4dd,idwrd_urd,0,50,7,1.0,6.0,57,1.0,0.8
AA_54566619-3293-4dd,letterid_eng,20,97,0,29.0,29.0,26,1.0,0.7
AA_54566619-3293-4dd,orf_urd,5,60,0,1.0,6.0,48,1.0,0.6
AA_b11dfafb-fc92-462,idwrd_urd,11,50,34,44.0,50.0,84,2.0,0.8
AA_b11dfafb-fc92-462,orf_urd,23,60,11,12.0,17.0,70,2.0,0.9
AA_b11dfafb-fc92-462,letterid_urd,0,78,0,34.0,38.0,33,2.0,0.6
AA_b11dfafb-fc92-462,letterid_eng,0,97,0,82.0,85.0,14,2.0,0.9
AA_b11dfafb-fc92-462,pw_eng,1,30,120,0.0,5.0,150,2.0,0.8
AA_b11dfafb-fc92-462,idwrd_eng,1,49,0,22.0,26.0,16,2.0,0.9
AA_b11dfafb-fc92-462,orf_eng,7,59,0,0.0,5.0,36,2.0,0.8
AA_72720d37-958f-4af,letterid_urd,2,78,6,59.0,59.0,84,3.0,0.9
AA_72720d37-958f-4af,idwrd_urd,1,50,0,0.0,5.0,22,3.0,0.9
AA_72720d37-958f-4af,letterid_eng,43,97,126,100.0,100.0,222,3.0,0.9
AA_8c934dfb-1a72-492,letterid_urd,13,78,4,45.0,52.0,54,4.0,1.0
AA_8c934dfb-1a72-492,idwrd_urd,2,50,0,18.0,24.0,38,4.0,0.9
AA_8c934dfb-1a72-492,orf_urd,9,60,0,23.0,56.0,34,4.0,0.8
AA_8c934dfb-1a72-492,letterid_eng,38,97,4,69.0,70.0,81,4.0,1.0
AA_8c934dfb-1a72-492,idwrd_eng,1,49,0,1.0,5.0,7,4.0,0.6
AA_86da0dbc-4ece-4ee,letterid_urd,0,78,0,54.0,56.0,53,2.0,0.9
AA_86da0dbc-4ece-4ee,idwrd_urd,0,50,0,9.0,18.0,8,2.0,0.8
AA_86da0dbc-4ece-4ee,orf_urd,1,56,0,11.0,24.0,29,2.0,0.9
AA_86da0dbc-4ece-4ee,letterid_eng,51,97,5,71.0,71.0,86,2.0,0.7
AA_86da0dbc-4ece-4ee,pw_eng,0,30,33,3.0,17.0,63,2.0,0.6
AA_86da0dbc-4ece-4ee,idwrd_eng,0,49,13,22.0,26.0,62,2.0,0.4
AA_a8eef4b9-ab7b-48d,letterid_urd,5,78,0,33.0,43.0,47,1.0,1.0
AA_a8eef4b9-ab7b-48d,idwrd_urd,0,50,0,35.0,40.0,4,1.0,1.0
AA_a8eef4b9-ab7b-48d,letterid_eng,40,97,5,57.0,60.0,62,1.0,1.0
AA_a8eef4b9-ab7b-48d,pw_eng,0,30,0,0.0,5.0,10,1.0,0.9
AA_a8eef4b9-ab7b-48d,idwrd_eng,6,7,0,1.0,7.0,6,1.0,1.0
AA_1972026f-6357-47c,idwrd_urd,11,50,0,50.0,50.0,19,4.0,1.0
AA_1972026f-6357-47c,orf_urd,4,60,0,55.0,55.0,25,4.0,1.0
AA_1972026f-6357-47c,letterid_eng,22,97,0,100.0,100.0,88,4.0,0.9
AA_1972026f-6357-47c,idwrd_eng,7,49,80,35.0,42.0,129,4.0,1.0
AA_1972026f-6357-47c,orf_eng,4,59,0,30.0,39.0,42,4.0,0.9
AA_1e4a7c58-e85a-483,letterid_urd,2,78,0,1.0,1.0,22,5.0,0.7
AA_1e4a7c58-e85a-483,idwrd_urd,5,50,46,6.0,14.0,96,5.0,0.9
AA_1e4a7c58-e85a-483,orf_urd,1,60,23,0.0,18.0,83,5.0,0.9
AA_1e4a7c58-e85a-483,letterid_eng,41,85,3,5.0,6.0,49,5.0,1.0
AA_1e4a7c58-e85a-483,pw_eng,0,30,0,0.0,5.0,15,5.0,0.9
AA_1e4a7c58-e85a-483,idwrd_eng,6,49,9,16.0,25.0,58,5.0,1.0
AA_1e4a7c58-e85a-483,orf_eng,5,59,0,1.0,1.0,13,5.0,0.9
AA_eb127efb-92a9-4eb,letterid_urd,5,78,28,71.0,74.0,106,4.0,0.95
AA_eb127efb-92a9-4eb,idwrd_urd,2,50,0,3.0,9.0,6,4.0,0.8
AA_eb127efb-92a9-4eb,orf_urd,4,60,0,13.0,13.0,16,4.0,0.9
AA_eb127efb-92a9-4eb,letterid_eng,63,97,8,94.0,95.0,91,4.0,0.95
AA_eb127efb-92a9-4eb,pw_eng,0,30,0,1.0,6.0,7,4.0,0.85
AA_eb127efb-92a9-4eb,idwrd_eng,2,25,0,1.0,6.0,2,4.0,0.9
AA_eb127efb-92a9-4eb,orf_eng,0,59,0,1.0,6.0,8,4.0,0.9
AA_0b2fc30d-55f4-429,letterid_urd,1,78,0,37.0,44.0,70,3.0,0.95
AA_0b2fc30d-55f4-429,idwrd_urd,2,50,0,1.0,5.0,23,3.0,0.95
AA_0b2fc30d-55f4-429,orf_urd,0,60,14,2.0,21.0,74,3.0,0.9
AA_0b2fc30d-55f4-429,letterid_eng,31,97,50,63.0,64.0,146,3.0,0.95
AA_0b2fc30d-55f4-429,pw_eng,0,30,0,0.0,5.0,22,3.0,0.9
AA_0b2fc30d-55f4-429,idwrd_eng,0,49,0,0.0,5.0,24,3.0,0.95
AA_0b2fc30d-55f4-429,orf_eng,4,59,0,6.0,11.0,11,3.0,0.9
AA_05dc5dd8-2974-479,letterid_urd,5,78,0,41.0,52.0,61,4.0,1.0
AA_05dc5dd8-2974-479,idwrd_urd,42,50,0,47.0,50.0,49,4.0,1.0
AA_05dc5dd8-2974-479,orf_urd,43,60,0,59.0,60.0,60,4.0,1.0
AA_05dc5dd8-2974-479,letterid_eng,58,97,63,100.0,100.0,158,4.0,1.0
AA_05dc5dd8-2974-479,idwrd_eng,1,49,0,44.0,50.0,14,4.0,1.0
AA_05dc5dd8-2974-479,orf_eng,56,59,1,54.0,60.0,59,4.0,1.0
AA_d99c7b13-c3a8-489,letterid_urd,0,78,0,47.0,69.0,72,3.0,0.9
AA_d99c7b13-c3a8-489,idwrd_urd,0,50,0,47.0,50.0,15,3.0,1.0
AA_d99c7b13-c3a8-489,orf_urd,38,60,19,59.0,60.0,78,3.0,1.0
AA_d99c7b13-c3a8-489,letterid_eng,54,97,9,95.0,96.0,99,3.0,1.0
AA_d99c7b13-c3a8-489,idwrd_eng,1,49,161,39.0,40.0,210,3.0,0.9
AA_d99c7b13-c3a8-489,orf_eng,5,59,0,36.0,44.0,53,3.0,1.0
AA_aaf90938-fddb-4c4,letterid_urd,11,78,20,82.0,83.0,98,5.0,1.0
AA_aaf90938-fddb-4c4,idwrd_urd,29,50,32,50.0,50.0,82,5.0,1.0
AA_aaf90938-fddb-4c4,orf_urd,15,60,1,60.0,60.0,24,5.0,1.0
AA_aaf90938-fddb-4c4,letterid_eng,62,97,7,99.0,100.0,92,5.0,1.0
AA_aaf90938-fddb-4c4,pw_eng,5,30,54,47.0,50.0,84,5.0,1.0
AA_aaf90938-fddb-4c4,idwrd_eng,38,49,1,49.0,50.0,48,5.0,1.0
AA_aaf90938-fddb-4c4,orf_eng,52,59,2,60.0,60.0,60,5.0,1.0
AA_27e407f8-7dc7-428,letterid_urd,2,78,38,76.0,89.0,116,4.0,1.0
AA_27e407f8-7dc7-428,idwrd_urd,28,50,3,48.0,50.0,50,4.0,1.0
AA_27e407f8-7dc7-428,orf_urd,30,60,3,60.0,60.0,58,4.0,1.0
AA_27e407f8-7dc7-428,letterid_eng,27,97,31,100.0,100.0,128,4.0,0.9
AA_27e407f8-7dc7-428,idwrd_eng,8,49,6,49.0,50.0,51,4.0,0.6
AA_bce900f1-0156-4e0,letterid_urd,2,78,0,93.0,93.0,20,4.0,0.8
AA_bce900f1-0156-4e0,idwrd_urd,1,50,54,16.0,27.0,104,4.0,0.6
AA_bce900f1-0156-4e0,orf_urd,1,60,54,6.0,18.0,114,4.0,0.6
AA_bce900f1-0156-4e0,letterid_eng,18,97,18,52.0,53.0,114,4.0,0.8
AA_62299df1-9cd3-496,letterid_urd,9,78,2,34.0,37.0,42,1.0,1.0
AA_62299df1-9cd3-496,idwrd_urd,0,50,0,1.0,6.0,36,1.0,1.0
AA_62299df1-9cd3-496,orf_urd,0,60,0,1.0,7.0,27,1.0,1.0
AA_62299df1-9cd3-496,letterid_eng,41,97,4,63.0,64.0,68,1.0,1.0
AA_62299df1-9cd3-496,pw_eng,1,30,24,5.0,9.0,54,1.0,1.0
AA_62299df1-9cd3-496,idwrd_eng,0,49,107,1.0,6.0,156,1.0,1.0
AA_62299df1-9cd3-496,orf_eng,2,59,0,1.0,7.0,44,1.0,1.0
AA_268319c5-6f94-4a8,orf_urd,16,33,9,30.0,33.0,41,3.0,1.0
AA_268319c5-6f94-4a8,letterid_eng,60,97,76,76.0,77.0,173,3.0,1.0
AA_268319c5-6f94-4a8,pw_eng,0,30,0,0.0,5.0,15,3.0,1.0
AA_268319c5-6f94-4a8,idwrd_eng,6,49,1,35.0,39.0,38,3.0,1.0
AA_268319c5-6f94-4a8,orf_eng,5,59,0,0.0,5.0,12,3.0,1.0
AA_94917b5c-07a6-4c5,letterid_urd,8,78,0,29.0,29.0,42,4.0,0.95
AA_94917b5c-07a6-4c5,idwrd_urd,0,50,0,3.0,12.0,37,4.0,0.95
AA_94917b5c-07a6-4c5,orf_urd,0,60,0,5.0,11.0,56,4.0,0.95
AA_94917b5c-07a6-4c5,letterid_eng,44,97,3,46.0,46.0,50,4.0,0.95
AA_94917b5c-07a6-4c5,pw_eng,5,30,0,0.0,5.0,7,4.0,0.95
AA_94917b5c-07a6-4c5,idwrd_eng,0,49,0,6.0,8.0,38,4.0,0.95
AA_94917b5c-07a6-4c5,orf_eng,2,59,29,6.0,11.0,88,4.0,0.95
AA_a81b627e-e833-453,letterid_urd,6,78,0,58.0,62.0,66,5.0,1.0
AA_a81b627e-e833-453,idwrd_urd,44,50,1,50.0,50.0,51,5.0,1.0
AA_a81b627e-e833-453,orf_urd,39,60,0,60.0,60.0,60,5.0,0.9
AA_a81b627e-e833-453,letterid_eng,71,97,10,96.0,96.0,103,5.0,1.0
AA_a81b627e-e833-453,idwrd_eng,2,49,0,47.0,50.0,38,5.0,1.0
AA_a81b627e-e833-453,orf_eng,50,59,3,50.0,60.0,58,5.0,1.0
AA_a37dfa4b-5be9-4b9,letterid_urd,13,78,38,89.0,90.0,115,2.0,1.0
AA_a37dfa4b-5be9-4b9,idwrd_urd,40,50,13,49.0,50.0,63,2.0,1.0
AA_a37dfa4b-5be9-4b9,orf_urd,42,60,0,59.0,60.0,59,2.0,1.0
AA_a37dfa4b-5be9-4b9,letterid_eng,61,97,14,100.0,100.0,109,2.0,1.0
AA_a37dfa4b-5be9-4b9,pw_eng,0,30,299,0.0,5.0,329,2.0,0.8
AA_87731df7-f734-4ff,letterid_urd,8,78,1,16.0,28.0,32,2.0,1.0
AA_87731df7-f734-4ff,idwrd_urd,1,50,0,0.0,5.0,6,2.0,1.0
AA_87731df7-f734-4ff,letterid_eng,33,97,1,23.0,33.0,49,2.0,1.0
AA_87731df7-f734-4ff,pw_eng,4,30,0,0.0,5.0,8,2.0,0.9
AA_87731df7-f734-4ff,idwrd_eng,0,49,0,0.0,5.0,7,2.0,1.0
AA_87731df7-f734-4ff,orf_eng,4,59,0,1.0,6.0,12,2.0,0.8
AA_e754feee-6c35-40c,letterid_urd,1,78,5,41.0,41.0,83,3.0,1.0
AA_e754feee-6c35-40c,idwrd_urd,1,50,0,0.0,5.0,8,3.0,1.0
AA_e754feee-6c35-40c,orf_urd,0,60,0,0.0,5.0,25,3.0,1.0
AA_e754feee-6c35-40c,letterid_eng,59,97,127,70.0,73.0,223,3.0,0.9
AA_e754feee-6c35-40c,pw_eng,5,30,80,7.0,15.0,110,3.0,0.7
AA_e754feee-6c35-40c,idwrd_eng,4,49,21,7.0,17.0,70,3.0,0.9
AA_e754feee-6c35-40c,orf_eng,6,59,0,16.0,22.0,26,3.0,1.0
AA_955704af-dbd7-423,letterid_urd,4,78,0,30.0,41.0,58,2.0,1.0
AA_955704af-dbd7-423,idwrd_urd,0,50,0,0.0,5.0,47,2.0,0.8
AA_955704af-dbd7-423,letterid_eng,42,97,4,53.0,53.0,59,2.0,1.0
AA_955704af-dbd7-423,pw_eng,4,30,0,0.0,5.0,22,2.0,0.7
AA_955704af-dbd7-423,idwrd_eng,0,49,0,0.0,5.0,33,2.0,0.9
AA_955704af-dbd7-423,orf_eng,2,59,0,0.0,5.0,26,2.0,0.9
AA_93ae4640-bf92-45b,letterid_urd,28,67,26,66.0,70.0,90,4.0,1.0
AA_93ae4640-bf92-45b,idwrd_urd,43,50,5,50.0,50.0,55,4.0,1.0
AA_93ae4640-bf92-45b,orf_urd,28,60,3,60.0,60.0,46,4.0,1.0
AA_93ae4640-bf92-45b,letterid_eng,41,97,123,99.0,100.0,219,4.0,1.0
AA_93ae4640-bf92-45b,pw_eng,0,30,0,0.0,5.0,8,4.0,1.0
AA_93ae4640-bf92-45b,idwrd_eng,24,49,51,47.0,50.0,99,4.0,1.0
AA_93ae4640-bf92-45b,orf_eng,17,59,4,57.0,60.0,43,4.0,1.0
AA_e0a22a65-fe8a-416,letterid_urd,7,78,0,48.0,48.0,44,1.0,0.9
AA_e0a22a65-fe8a-416,letterid_eng,24,97,0,41.0,41.0,49,1.0,0.9
AA_e0a22a65-fe8a-416,pw_eng,5,30,78,0.0,5.0,108,1.0,0.85
AA_05ebc0d7-bc26-4ab,letterid_urd,4,78,0,42.0,44.0,55,2.0,0.9
AA_05ebc0d7-bc26-4ab,idwrd_urd,5,50,1,14.0,16.0,25,2.0,0.8
AA_05ebc0d7-bc26-4ab,orf_urd,2,60,0,20.0,29.0,32,2.0,0.9
AA_05ebc0d7-bc26-4ab,letterid_eng,48,92,1,75.0,76.0,62,2.0,1.0
AA_05ebc0d7-bc26-4ab,pw_eng,0,30,0,0.0,5.0,9,2.0,0.9
AA_05ebc0d7-bc26-4ab,idwrd_eng,0,49,61,0.0,5.0,110,2.0,0.8
AA_dff96b36-bded-45d,letterid_urd,7,78,0,44.0,47.0,59,2.0,1.0
AA_dff96b36-bded-45d,idwrd_urd,14,50,2,18.0,22.0,36,2.0,1.0
AA_dff96b36-bded-45d,orf_urd,22,60,0,36.0,43.0,39,2.0,1.0
AA_dff96b36-bded-45d,letterid_eng,75,97,15,76.0,79.0,98,2.0,1.0
AA_dff96b36-bded-45d,pw_eng,2,30,0,0.0,5.0,15,2.0,1.0
AA_dff96b36-bded-45d,idwrd_eng,13,24,2,16.0,23.0,24,2.0,1.0
AA_dff96b36-bded-45d,orf_eng,5,59,0,15.0,22.0,31,2.0,1.0
AA_810c50e0-1c11-44b,idwrd_urd,30,50,21,44.0,47.0,67,3.0,1.0
AA_810c50e0-1c11-44b,orf_urd,34,60,2,60.0,60.0,62,3.0,1.0
AA_810c50e0-1c11-44b,pw_eng,4,30,2,25.0,29.0,30,3.0,0.7
AA_8e29defb-2c2e-496,letterid_urd,4,78,29,94.0,100.0,107,4.0,0.9
AA_8e29defb-2c2e-496,idwrd_urd,12,50,61,28.0,32.0,111,4.0,0.8
AA_8e29defb-2c2e-496,orf_urd,12,60,60,40.0,52.0,119,4.0,0.8
AA_8e29defb-2c2e-496,letterid_eng,55,97,57,98.0,100.0,153,4.0,1.0
AA_8e29defb-2c2e-496,idwrd_eng,5,6,0,9.0,26.0,5,4.0,0.8
AA_0ce9865d-2257-4d8,letterid_urd,1,78,0,15.0,20.0,3,1.0,0.7
AA_0ce9865d-2257-4d8,idwrd_urd,2,50,30,1.0,6.0,80,1.0,0.6
AA_0ce9865d-2257-4d8,letterid_eng,11,88,0,0.0,10.0,13,1.0,0.9
AA_0ce9865d-2257-4d8,pw_eng,0,30,0,0.0,5.0,8,1.0,0.8
AA_0ce9865d-2257-4d8,idwrd_eng,2,49,0,0.0,5.0,7,1.0,0.8
AA_fb785d2a-c665-4f3,letterid_urd,8,78,46,86.0,87.0,124,4.0,1.0
AA_fb785d2a-c665-4f3,idwrd_urd,31,50,26,44.0,50.0,72,4.0,1.0
AA_fb785d2a-c665-4f3,orf_urd,38,60,9,60.0,60.0,68,4.0,1.0
AA_fb785d2a-c665-4f3,letterid_eng,19,97,61,100.0,100.0,158,4.0,1.0
AA_fb785d2a-c665-4f3,pw_eng,0,30,0,0.0,5.0,8,4.0,0.8
AA_fb785d2a-c665-4f3,idwrd_eng,3,49,145,46.0,50.0,194,4.0,1.0
AA_fb785d2a-c665-4f3,orf_eng,2,59,3,53.0,60.0,62,4.0,1.0
AA_89cb8f1a-69e3-424,letterid_urd,2,78,0,21.0,29.0,61,3.0,0.9
AA_89cb8f1a-69e3-424,idwrd_urd,0,50,22,0.0,5.0,72,3.0,0.9
AA_89cb8f1a-69e3-424,letterid_eng,13,69,0,49.0,52.0,13,3.0,0.7
AA_89cb8f1a-69e3-424,pw_eng,0,30,0,0.0,5.0,15,3.0,0.9
AA_89cb8f1a-69e3-424,idwrd_eng,0,49,0,0.0,5.0,26,3.0,0.9
